spotify_id,acousticness,danceability,duration_ms,energy,instrumentalness,key,liveness,mode,speechiness,tempo,valence
0yLdNVWF3Srea0uzk55zFn,0.0632,0.707,200455,0.681,0.00000515,0,0.0322,1,0.0668,117.999,0.646
4nrPB8O7Y7wsOCJdgXkthe,0.274,0.778,218289,0.632,0,2,0.0915,0,0.0493,122.104,0.498
1Qrg8KqiBpW07V7PNxwwwL,0.0521,0.644,153947,0.735,0.144,8,0.161,1,0.0391,88.98,0.418
2dHHgzDwk4BJdRwy9uXhTO,0.417,0.715,221520,0.62,0,1,0.0822,0,0.0484,97.95,0.172
4Dvkj6JhhA12EX05fT7y2e,0.342,0.52,167303,0.731,0.00101,6,0.311,0,0.0557,173.93,0.662
0NZPBYD5qbEWRs3PrGiRkT,0.011,0.712,156943,0.463,0.00000296,2,0.301,1,0.0797,131.199,0.206
4uUG5RXrOk84mYEfFvj3cK,0.00383,0.561,175238,0.965,0.00000707,7,0.371,0,0.0343,128.04,0.304
0WtM2NBVQNNJLh6scP13H8,0.382,0.801,239318,0.806,0.000669,11,0.114,1,0.0381,106.999,0.802
4FAKtPVycI4DxoOHC01YqD,0.0492,0.783,216148,0.729,0.000272,6,0.1,0,0.0691,167.968,0.58
5WxVXxCMRnvxUKFq40ELwq,0.138,0.538,272373,0.742,0.0000467,2,0.0934,1,0.114,96.107,0.25
5ww2BF9slyYgNOk37BlC4u,0.583,0.835,162638,0.679,0.00000198,7,0.218,0,0.0364,124.98,0.85
0V3wPSX9ygBnCm8psDIegu,0.13,0.637,200690,0.643,0.0000018,4,0.142,1,0.0519,97.008,0.533
2mnXxnrX5vCGolNkaFvVeM,0.111,0.887,196800,0.234,0.67,9,0.13,1,0.178,140.02,0.197
78Sw5GDo6AlGwTwanjXbGh,0.534,0.574,242485,0.469,0.0000921,4,0.128,1,0.0254,132.023,0.288
3r8RuvgbX9s7ammBn07D3W,0.027,0.814,185507,0.641,0,6,0.0993,0,0.111,133.854,0.183
0JXXNGljqupsJaZsgSbMZV,0.0267,0.684,195373,0.607,0.000307,11,0.191,0,0.1,81.001,0.498
2LBqCSwhJGcFQeTHMVGwy3,0.111,0.586,260253,0.525,0,1,0.134,0,0.0615,133.629,0.508
2tTmW7RDtMQtBk7m2rYeSw,0.0125,0.621,198938,0.782,0.033,2,0.23,1,0.044,128.033,0.55
65FftemJ1DbbZ45DUfHJXE,0.357,0.804,212253,0.771,0.00000307,9,0.108,0,0.0433,126.956,0.739
5odlY52u43F5BjByhxg7wg,0.653,0.515,209260,0.593,0.162,4,0.25,1,0.0322,94.467,0.153
1zsPaEkglFvxjAhrM8yhpr,0.00302,0.901,196600,0.589,0.000237,1,0.0992,0,0.289,98.002,0.399
7jtQIBanIiJOMS6RyCx6jZ,0.717,0.442,244360,0.538,0.0000295,4,0.09,0,0.0451,122.758,0.139
4h9wh7iOZ0GGn8QVp4RAOB,0.0826,0.704,148486,0.797,0.000745,0,0.0546,1,0.0475,139.994,0.825
0QHEIqNKsMoOY5urbzN48u,0.345,0.838,134256,0.525,0.00000192,10,0.0771,1,0.0665,144.981,0.884
1Y3LN4zO1Edc2EluIoSPJN,0.777,0.551,176440,0.55,0,10,0.202,1,0.0286,101.19,0.342
5XeFesFbtLpXzIVDNQP22n,0.136,0.464,183956,0.417,0.022,0,0.0974,0,0.0256,67.528,0.479
1bDbXMyjaUIooNwFE9wn0N,0.0503,0.561,239360,0.52,0.00000186,11,0.355,0,0.244,153.15,0.424
561jH07mF1jHuk7KlaeF0s,0.209,0.637,250760,0.678,0,0,0.156,1,0.266,84.039,0.254
4sx6NRwL6Ol3V6m9exwGlQ,0.716,0.662,145850,0.398,0,11,0.111,0,0.0275,107.001,0.468
0vjeOZ3Ft5jvAi9SBFJm1j,0.152,0.526,182667,0.606,0.00000236,5,0.194,0,0.259,116.622,0.492
0IKeDy5bT9G0bA7ZixRT4A,0.299,0.529,271862,0.602,0,7,0.0716,1,0.0458,157.643,0.756
54ipXppHLA8U4yqpOFTUhr,0.0201,0.772,165265,0.75,0,5,0.074,0,0.0455,114.061,0.587
2CeKVsFFXG4QzA415QygGb,0.0863,0.865,155960,0.573,0,5,0.305,1,0.0678,94.999,0.563
73vIOb4Q7YN6HeJTbscRx5,0.0128,0.587,206000,0.742,0.00107,6,0.146,0,0.0529,145.007,0.199
3zkyus0njMCL6phZmNNEeN,0.859,0.735,175890,0.449,0,2,0.213,0,0.383,146.016,0.514
7MXVkk9YMctZqd1Srtv4MB,0.141,0.679,230453,0.587,0.00000635,7,0.137,1,0.276,186.003,0.486
567e29TDzLwZwfDuEpGTwo,0.0383,0.591,141806,0.764,0,1,0.103,1,0.0483,169.928,0.478
1xK59OXxi2TAAAbmZK0kBL,0.453,0.571,132631,0.544,0.00805,6,0.322,1,0.0299,132.052,0.216
4iZ4pt7kvcaH6Yo8UoZ4s2,0.141,0.559,201800,0.551,0,5,0.11,1,0.132,143.008,0.392
4WiQA1AGWHFvaxBU6bHghs,0.251,0.751,151325,0.761,0.000238,11,0.0991,0,0.15,92.032,0.553
6zJejIfVYLgjud3lTk4DLB,0.107,0.565,179551,0.636,0.0000099,0,0.447,1,0.0638,170.01,0.525
6Sq7ltF9Qa7SNFBsV5Cogx,0.0901,0.911,178567,0.712,0.0000268,1,0.0933,0,0.0817,92.005,0.425
4FyesJzVpA39hbYvcseO2d,0.0652,0.486,123891,0.545,0.00474,11,0.0642,1,0.0336,150.187,0.0385
2QjOHCTQ1Jl3zawyYOpxh6,0.0495,0.612,240400,0.807,0.0177,10,0.101,1,0.0336,124.053,0.398
5IgjP7X4th6nMNDh4akUHb,0.0635,0.733,184613,0.69,0.00000118,9,0.105,0,0.0427,116.992,0.31
1lRtH4FszTrwwlK5gTSbXO,0.152,0.772,174943,0.73,0.000107,11,0.274,0,0.0972,136.175,0.786
4k6Uh1HXdhtusDW5y8Gbvy,0.613,0.686,232067,0.494,0.000058,1,0.402,1,0.0355,168.946,0.7
2mpoNBkngUEwnaKoBhZ0vl,0.0965,0.784,184066,0.826,0.0000709,7,0.123,0,0.0538,138.078,0.893
54ELExv56KCAB4UP9cOCzC,0.169,0.892,227013,0.662,0.00000124,8,0.363,1,0.162,93.976,0.607
2SiAcexM2p1yX6joESbehd,0.129,0.555,174045,0.634,0.00000232,6,0.188,0,0.273,170.228,0.555
72OVnXDzugvrCU25lMi9au,0.241,0.54,274400,0.54,0,3,0.351,1,0.029,74.969,0.372
0USeB0Tykai3QZj5YAUclG,0.666,0.37,244107,0.322,0,7,0.11,1,0.0466,129.865,0.0966
07plVccQ0N6FTTTonk3c2M,0.0473,0.552,278010,0.78,0,7,0.152,1,0.0475,133.921,0.557
6jNy9WM3zyvG9E5bdVALl8,0.313,0.382,295466,0.543,0.000021,4,0.268,0,0.0345,173.652,0.166
0a4MMyCrzT0En247IhqZbD,0.268,0.593,179027,0.935,0,4,0.286,0,0.225,99.976,0.783
6akVETVeqqPVvuBS5e0EB1,0.63,0.615,256000,0.535,0,8,0.0907,0,0.032,130.025,0.293
6XBL9naPxZjATbmGAWGJ9V,0.722,0.578,296007,0.508,0,10,0.105,1,0.0536,147.94,0.304
4fJlSLYLiu5trFCMZdSQDC,0.00249,0.665,232400,0.654,0.00119,9,0.109,0,0.0725,149.969,0.736
2VEt42QSQxILgEf9B50xxm,0.753,0.507,240754,0.271,0.00000123,8,0.0883,1,0.0347,135.783,0.399
1IVj6CsBbTgOEpo0W6hgwN,0.672,0.309,333629,0.434,0,9,0.0896,1,0.0363,71.585,0.427
1pbb71pOKB5iqfkju4NmPj,0.625,0.658,194744,0.417,0,2,0.132,1,0.0366,171.974,0.0748
0Eh0C7rpC5E0sPy4OcLdsq,0.186,0.501,204437,0.462,0,7,0.418,1,0.0726,82.513,0.585
27FOde2nUw0pFuj7hlPbaS,0.0295,0.549,292075,0.923,0.0000876,1,0.14,1,0.0393,140.045,0.498
39HrUxcvKF3jtLz7fUDWXc,0.122,0.438,257293,0.434,0,7,0.15,1,0.0371,179.913,0.195
3CEkc8f1UDvI7kohz3ARpA,0.263,0.407,181184,0.497,0,6,0.112,0,0.0357,152.194,0.312
38DlSDrx9tgc5Gfq6y3aBa,0.384,0.747,180320,0.782,0.00000212,1,0.0862,1,0.0622,125.062,0.6
53yiHIP3ptxWtT4ambRcgb,0.0253,0.552,285222,0.8,0.00000222,10,0.125,1,0.0587,126.027,0.182
0KWnRv3wxjltYVB3MqjNd2,0.573,0.669,175500,0.698,0,11,0.102,1,0.091,80.003,0.286
4QZMBVrBLAvBryj8ZJIIY2,0.359,0.709,173383,0.721,0,9,0.291,1,0.0409,146.031,0.607
6la3Kme7O7D01fJPxgpAS5,0.313,0.45,189296,0.62,0,11,0.0672,1,0.0365,142.026,0.169
0FfNFvy5KRRyB2snvK39zL,0.156,0.636,172283,0.862,0,5,0.144,0,0.0464,137.94,0.24
2OR5FUKy3GQ7I9DCbRnfsW,0.769,0.55,278914,0.543,0,8,0.0911,1,0.0268,74.008,0.35
69zgyr5HVKdInjeKpq1qHa,0.4,0.547,239795,0.666,0,6,0.144,1,0.0393,129.814,0.43
61AZsmFB3VoJdmraMk5ZSn,0.0801,0.78,175776,0.683,0,0,0.22,1,0.0575,100.049,0.608
69AvckyixY1AIGRYDZ1QnO,0.285,0.471,313282,0.502,0,2,0.108,1,0.0295,148.009,0.201
4U0bL1ouvksMgvXU2aKq4O,0.45,0.575,283969,0.562,0,6,0.101,1,0.0289,130.056,0.334
4fsQ0K37TOXa3hEQfjEic1,0.0821,0.882,184444,0.797,0,10,0.113,0,0.0819,105.025,0.824
3V2v19gDm4rmRkMwcgS4X2,0.744,0.685,229524,0.535,0,7,0.081,1,0.0433,125.922,0.369
6FSOibqLCbhFrmGdqMbwiZ,0.154,0.536,263453,0.702,0.00000161,11,0.0938,0,0.0285,136.095,0.408
6whxKQ0Ocn1FmzpDc7lTHq,0.212,0.455,294027,0.297,0.00000214,7,0.121,1,0.0265,90.093,0.243
7IiSESHLOtsoEXTlXa0bjJ,0.71,0.485,216607,0.356,0,11,0.125,1,0.0243,76.988,0.148
7tgzj2IqzSgUpxUhjmcF5m,0.263,0.692,349774,0.453,0.000549,9,0.0836,1,0.0299,99.976,0.351
5zwwW9Oq7ubSxoCGyW1nbY,0.0145,0.693,186964,0.734,0,4,0.217,1,0.202,180.06,0.708
3OC84eKMxRJ4x0Hcwl9i4i,0.873,0.425,320166,0.201,0,10,0.111,1,0.0373,136.328,0.267
6ZxvapmYLdLdRCdIFR0NRQ,0.801,0.656,235179,0.512,0,3,0.113,1,0.0316,111.998,0.347
6zjk7Qbwb9DZ4ykUUoqknh,0.0000277,0.445,286000,0.94,0.0000134,7,0.32,1,0.175,150.082,0.349
5Y47GrCrjQY44qFv8Gt0Gm,0.856,0.358,322267,0.391,0.00232,9,0.0971,1,0.0316,75.168,0.284
70ywpHtaToCmnULRT9Vu4p,0.702,0.586,294340,0.474,0,1,0.121,1,0.0468,105.939,0.189
0rhI6gvOeCKA502RdJAbfs,0.00788,0.712,186571,0.893,0,10,0.169,0,0.0851,125.022,0.828
6pFxVcn6T4BdP8mfZpTQHZ,0.68,0.44,237363,0.55,0,1,0.142,1,0.073,181.919,0.201
6gOZzuHIApHtAPTelkOMUc,0.32,0.779,169585,0.503,0,10,0.0942,1,0.0545,114.044,0.787
4Rt9k4SE8dbfKzngxKJPq9,0.671,0.497,236133,0.49,0.000417,5,0.155,1,0.0276,122.71,0.126
2pIUpMhHL6L9Z5lnKxJJr9,0.236,0.811,180067,0.648,0,10,0.0761,0,0.0368,104.988,0.695
3uvoZKtpufJ9F2ETKGPlh5,0.136,0.521,290631,0.542,0.000544,4,0.156,1,0.0475,79.963,0.499
0okYvXKPqzZpj3iZrJH6JK,0.0431,0.92,129929,0.491,0.00000257,8,0.0618,1,0.18,97.016,0.679
3WCrBnWabeuTk2wr6UwaYV,0.586,0.646,182117,0.685,0.00000178,3,0.105,0,0.0762,142.115,0.539
4OH5Cd8ZOI1eSgJSC9PYmU,0.0297,0.7,240125,0.589,0.000014,11,0.0987,0,0.0281,100.014,0.915
7lOGCEsmoHqai3PHS9kbTa,0.125,0.849,124716,0.548,0.00116,2,0.056,0,0.441,92.485,0.392
7wANX4VfTwrZrL6inJrqCM,0.0766,0.841,158039,0.683,0.0000892,1,0.0953,0,0.214,123.016,0.511
4ist5GP5r7UDz9gdsiJmYd,0.0102,0.558,182400,0.67,0.00000467,2,0.0756,0,0.0344,99.999,0.277
7toL7Re9rApzIuIFDaLQSe,0.0828,0.66,196250,0.529,0.00144,7,0.099,1,0.0762,96.009,0.318
2Nt4eocAv9wi1vHshhSdpF,0.355,0.613,190271,0.566,0.00002,1,0.121,1,0.153,143.011,0.697
4o4kbDP7DMVFPwAf5D5bj9,0.23,0.556,251780,0.582,0,5,0.327,0,0.0414,75.976,0.561
5ATwkalJ9FnLp7Zcvxo1rl,0.317,0.388,163451,0.496,0.000182,1,0.153,1,0.03,183.965,0.34
3QopdONAzZHRO1P4UQrNvw,0.122,0.489,262166,0.684,0.000178,9,0.222,0,0.0334,109.941,0.382
1MbZ6YY51arGV7mqeAb0y4,0.595,0.737,141968,0.488,0.0000153,1,0.103,1,0.196,127.124,0.248
2Pe8d9oClBgLkkz2N35AiN,0.606,0.719,144864,0.643,0,8,0.0804,1,0.111,91.963,0.615
4BeGu2WQNlpiREpmWGHD8U,0.129,0.914,211040,0.467,0.00101,5,0.105,0,0.0854,139.954,0.538
7Ebb2WheOGGauCH2wuQB55,0.052,0.789,149732,0.703,0.00377,4,0.386,0,0.0969,105.037,0.191
4wLpDd099QT7TmNpMkFIvT,0.838,0.685,171642,0.661,0.00000123,4,0.626,0,0.208,103.964,0.0643
5flH7FY4ledAQboO5a0XQ5,0.357,0.785,122000,0.638,0.0118,1,0.0982,1,0.109,127.058,0.348
755Pja1zaA687Vql25NHwP,0.301,0.413,177752,0.677,0,0,0.348,0,0.0433,78.892,0.613
3ABGx9FyeEdMCjDR5TyfdV,0.547,0.44,176053,0.624,0.00000402,8,0.096,0,0.0347,152.185,0.479
4HuB9A0O1XwmwTVtTgODm8,0.318,0.735,210044,0.743,0,11,0.131,0,0.153,120.031,0.414
0XNX9BCSWvEwsdBwUTRhMh,0.408,0.655,179055,0.472,0.00022,0,0.285,0,0.0422,92.995,0.362
4yhO1qzAICkyoN0w2P2Za4,0.769,0.456,185111,0.24,0,7,0.351,0,0.0349,145.522,0.327
4O9hcXs1ohtbw4xnMU8wfo,0.0801,0.471,195000,0.671,0.00965,2,0.136,0,0.16,176.104,0.637
13THdxqHT11aSk3G8nUDzZ,0.247,0.479,202425,0.527,0.00000432,9,0.243,0,0.0271,82.933,0.245
2V4rAqDOrVzthQXJ0PpoNW,0.174,0.714,141860,0.807,0.00000682,7,0.203,0,0.239,129.022,0.317
7dWOeNUJfixlvUcpZD90YE,0.36,0.839,169221,0.633,0,1,0.149,0,0.117,93.984,0.592
45dj2Fx0LiZgSuXGnyLDRG,0.308,0.579,209829,0.736,0.0000226,2,0.283,0,0.0449,139.788,0.156
10n66m41IGjA2ZulKPK7Ew,0.148,0.552,188500,0.608,0.0000205,5,0.332,0,0.0274,88.002,0.835
6t18CcJVpnFAoWfcZxiZtk,0.19,0.473,196800,0.839,0.000253,1,0.0714,0,0.0399,100.033,0.411
38QSynLcDBfbETORhSsssH,0.133,0.676,142854,0.758,0,1,0.0565,0,0.124,95.06,0.28
7lkqbdBKrsyNNq3xi0LeaY,0.00373,0.633,177566,0.647,0.000206,2,0.122,0,0.03,100.033,0.115
5nH1QRipfAJ8Pd9rFu3xHh,0.111,0.449,180127,0.711,0.000148,8,0.0917,0,0.0282,91.91,0.443
0K2nzvf5Pn6IO0Xyt36iNi,0.423,0.71,135417,0.52,0.0000938,7,0.236,0,0.137,143.953,0.538
0zQ8vXWLqSyBi5bYebveW1,0.541,0.643,161505,0.56,0,6,0.227,0,0.0488,133.064,0.456
7wy9gDTUipeY35NKn45ru5,0.653,0.339,304267,0.781,0.000118,4,0.27,0,0.0552,79.27,0.528
65tIJClJx8fHo6YW4wVDhi,0.138,0.763,171894,0.733,0,5,0.0827,0,0.113,94.977,0.587
05QuKF12UfS8ReyTQKbs4o,0.381,0.669,150419,0.417,0.0981,10,0.125,1,0.0655,83.034,0.304
0ywlnV6QEZneCbbqLev6qL,0.787,0.669,185855,0.433,0.0112,10,0.242,0,0.0517,78.043,0.355
5UV2oqgMXvlkOvvtK3aT7f,0.012,0.586,204320,0.89,0.00508,11,0.114,0,0.0369,119.062,0.426
6TnN1PLNMaIBvnUB8mdVT1,0.65,0.612,204000,0.461,0.015,10,0.332,0,0.22,79.975,0.654
5sIHhx9IOpQ7ggv16wLsWZ,0.425,0.742,191710,0.832,0.242,10,0.108,1,0.156,105.978,0.441
4Sng3wnol2Gb2yXgFdr9lj,0.352,0.685,207915,0.416,0.0000873,9,0.106,0,0.0317,119.992,0.696
5kpkEb0M49YM516trGUSWS,0.873,0.471,190055,0.227,0,0,0.159,1,0.0539,116.871,0.3
4qcngMZ8yF98sAnFKlvXPN,0.185,0.76,93016,0.555,0.000255,11,0.0916,0,0.0599,120.003,0.269
18Ies0Fsw2IwDuLoOhDlyy,0.241,0.621,180227,0.674,0.00182,0,0.116,0,0.0472,163.917,0.304
0r6tglSiN3TZTyRMvMCR5B,0.485,0.544,223951,0.809,0.791,7,0.0988,0,0.032,85.025,0.549
7jnN5sT8rk6PIvBZRWYdJj,0.0296,0.686,185333,0.493,0.000023,8,0.111,1,0.142,90.069,0.236
11AkXmBdjwu4upt22GjJrG,0.185,0.581,169419,0.495,0.00000296,4,0.0479,0,0.0658,85.043,0.184
2MvIexkUblP1QdpBzKot3N,0.537,0.718,119206,0.836,0,11,0.0817,1,0.317,133.16,0.391
2SwQShWjZsxoGviEyaEMOX,0.201,0.816,176268,0.696,0.000643,8,0.13,0,0.153,100.004,0.81
6iJUSrA6XoX4FNLGPqzHOv,0.255,0.737,240363,0.612,0,10,0.119,0,0.308,143.066,0.595
5RobAV5ROH5KARimi7n3cO,0.128,0.62,170438,0.837,0.000242,8,0.242,0,0.13,172.081,0.433
6BePGk3eCan4FqaW2X8Qy3,0.0683,0.696,172253,0.793,0.00000378,8,0.18,1,0.097,120.003,0.698
220n79cLlh2NwvlIEEKpKt,0.134,0.724,171000,0.815,0,8,0.181,1,0.33,130.04,0.685
6UN73IYd0hZxLi8wFPMQij,0.03,0.954,139560,0.516,0.00000754,6,0.0504,1,0.16,105.001,0.624
2r7BOWS3bEYjEUbLiH8kVM,0.021,0.841,141972,0.65,0.00000415,8,0.0694,1,0.131,129.979,0.748
1eprzC29mwUQqcVj0eILdx,0.0138,0.62,162493,0.681,0,9,0.0248,1,0.356,160.743,0.741
5uSFGgIfHMT3osrAd9n9ym,0.296,0.669,203472,0.742,0,1,0.355,0,0.0441,101.982,0.716
1xzi1Jcr7mEi9K2RfzLOqS,0.0368,0.78,225389,0.689,0.00000969,7,0.0698,1,0.141,115.042,0.642
4JBiO7wRnE6ueszEUpo347,0.0686,0.325,235752,0.59,0,4,0.104,1,0.0495,180.449,0.278
3azJifCSqg9fRij2yKIbWz,0.157,0.645,226467,0.534,0,6,0.0863,0,0.0479,105.02,0.463
4rPJSqrov3zqGwXlemLBMw,0.0857,0.435,239888,0.768,0.000231,6,0.0918,0,0.201,107.588,0.378
26b3oVLrRUaaybJulow9kz,0.551,0.573,184791,0.422,0.0000131,10,0.102,0,0.0678,124.357,0.693
39JofJHEtg8I4fSyo7Imft,0.164,0.736,226627,0.906,0.585,0,0.106,1,0.048,137.001,0.698
003vvx7Niy0yvhvHt4a68B,0.00121,0.352,222973,0.911,0,1,0.0995,1,0.0747,148.033,0.236
0JIhRhZPF5j5dx0FGqTWxy,0.355,0.509,172547,0.619,0,1,0.0739,1,0.0391,155.955,0.544
1mea3bSkSGXuIRvnydlB5b,0.0954,0.486,242373,0.617,0.00000323,5,0.109,0,0.0287,138.015,0.417
40SBS57su9xLiE1WqkXOVr,0.0166,0.578,177525,0.912,0.00362,1,0.273,1,0.114,127.87,0.68
3LtpKP5abr2qqjunvjlX5i,0.38,0.911,97393,0.573,0,6,0.403,1,0.288,140.04,0.972
2LWJ0zNei0z2WjHHwSNUkx,0.0865,0.729,188575,0.549,0,2,0.0951,0,0.0292,95.012,0.624
2L9N0zZnd37dwF0clgxMGI,0.473,0.516,182888,0.322,0.00194,9,0.215,1,0.0292,148.005,0.261
3i0FkJYlU4MFfYkjFHXXAM,0.172,0.698,229605,0.895,0.0000145,0,0.409,1,0.0628,114.914,0.838
58ge6dfP91o9oXMzq3XkIS,0.00237,0.52,253587,0.852,0.0000579,0,0.0733,1,0.0543,140.267,0.234
5vlzH0ps6WDyb158oFTAb3,0.0217,0.628,186689,0.967,0.00157,8,0.336,1,0.0538,125.982,0.349
12YCYHtGcwm9kbSmbcWB4f,0.156,0.595,184436,0.564,0,8,0.56,0,0.48,128.06,0.436
0eTCdGJVebRb5e6PXR73D9,0.115,0.811,168477,0.561,0.00000134,5,0.537,0,0.457,98.098,0.65
6oNgurLd0pCnLMWPOxt5Es,0.185,0.818,202916,0.589,0,0,0.126,1,0.299,123.142,0.47
4dbqhooQ6Q9MJsCYTKyKYe,0.56,0.678,275032,0.499,0.00073,4,0.0999,1,0.291,99.907,0.545
3i0kzCSbAY2kDX2xiJdRLE,0.271,0.805,110028,0.802,0,7,0.191,0,0.115,118.091,0.659
705n1V0dBe4UOZC1oaah9a,0.0202,0.597,189348,0.56,0.000365,8,0.0833,1,0.353,137.588,0.26
2rfl7SRwfel3gNhXBmL60u,0.371,0.565,156137,0.764,0.00192,5,0.123,0,0.306,94.686,0.734
0QiwUoiD9DZ6VGF5qgf6yg,0.41,0.651,197586,0.482,0.0000316,4,0.12,0,0.0654,145.07,0.16
4EKSw9Jzun2WFvjm2HU58X,0.0636,0.686,198659,0.779,0.00000542,7,0.383,1,0.0316,75,0.557
63Dymm6U4WHLRy87e8GBbo,0.0448,0.789,140089,0.703,0,0,0.14,1,0.367,112.025,0.482
5O6qenUvH31dan0pojwLj1,0.129,0.708,158957,0.77,0,5,0.135,0,0.105,144.04,0.545
7JqI6lxV0zDu8wIUYegsGE,0.126,0.638,260388,0.847,0.0000432,5,0.0879,0,0.0518,150.086,0.505
7E78vk7szNr8GqZO0gjMWf,0.719,0.573,210716,0.285,0,7,0.11,0,0.168,103.975,0.388
5TC5naM4A19URX3rAKAeX3,0.46,0.507,239701,0.466,0.00000168,6,0.254,0,0.441,166.501,0.263
7tleRLLNqW5yH7846TguuZ,0.0765,0.843,172000,0.672,0,6,0.0993,0,0.142,124.912,0.706
0BGEImCBesJKIm5kZ0fOkH,0.178,0.667,182816,0.671,0,5,0.19,1,0.0466,145.975,0.493
2hDrbSyhJstGmPDmZDlDTH,0.0568,0.746,182679,0.45,0.0033,6,0.0985,0,0.119,112.096,0.444
544G00CbV8gz0eqpeEAvhg,0.0665,0.56,186353,0.591,0,2,0.391,1,0.42,169.888,0.128
5fS3B6lae85C2rA8jPfoE2,0.134,0.796,163534,0.602,0.00000283,4,0.0829,0,0.135,133.018,0.409
2kVFy8VoECOiRdjQqHtUNw,0.0283,0.739,198052,0.552,0,0,0.159,1,0.0658,105.9,0.555
1aOl53hkZGHkl2Snhr7opL,0.214,0.4,163603,0.641,0,8,0.0656,1,0.0674,81.552,0.393
60GwMZeymeZYj7GiEzHQ7d,0.152,0.855,178184,0.716,0,3,0.101,0,0.088,109.972,0.697
2qu0CT9kxrXUIltBW09K7B,0.0541,0.842,177955,0.663,0,5,0.372,0,0.118,154.034,0.668
3fe2pEkW24bNn4WCOt1b0s,0.0166,0.672,206019,0.684,0,4,0.054,0,0.0358,130.026,0.672
1v1gAoEB2WyRE87LtFV46D,0.0469,0.64,197926,0.578,0.00000694,10,0.192,0,0.275,155.997,0.193
5UDkdxN87TOPiL7cTNkh7l,0.575,0.835,253011,0.284,0.307,9,0.096,0,0.0386,130.922,0.654
06bMZsOQ6qQGHCTeM9r9bU,0.000177,0.75,168849,0.726,0.0000248,9,0.22,1,0.0348,126.013,0.673
1qy2BuZzSU0JHnGqWRwV3N,0.0557,0.468,201480,0.721,0.00115,8,0.117,0,0.0294,136.977,0.219
4TduZWpCeQP1YKrrqzPbw4,0.013,0.808,136710,0.692,0.00323,8,0.138,1,0.188,129.04,0.382
09N9LGyKqWlLViq2bQjFxR,0.00311,0.891,157815,0.663,0.0000547,1,0.113,1,0.117,118.961,0.523
22fNmvVD1bC4rWv6hg29pC,0.206,0.706,221812,0.655,0.00000636,11,0.101,0,0.0489,136.013,0.434
4XhW9iOypxiiNyIMpirPFv,0.113,0.785,179783,0.739,0,8,0.149,0,0.0346,136.942,0.742
3LlqJkcXMBIAE5X1uUiZUN,0.0286,0.514,266040,0.879,0.000433,0,0.0657,1,0.033,143.957,0.275
7DzV3IBvCHicokoiUCpWda,0.188,0.888,174368,0.594,0.0000213,10,0.0913,0,0.0948,127.991,0.923
0Sfn2TYbpQtCGMBf6C0Y6T,0.0822,0.793,237525,0.736,0,7,0.109,0,0.0469,112.993,0.656
5qP24CrDI0rmY5zwRvUfzU,0.212,0.447,171429,0.765,0,2,0.128,0,0.0943,101.545,0.542
1DxEbt6OSbrkRthk6pjZue,0.431,0.838,161452,0.79,0.00000333,6,0.184,0,0.108,92.927,0.962
0Iozrbed8spxoBnmtBMshO,0.249,0.724,160909,0.631,0,4,0.213,0,0.0686,176.076,0.957
0FirgnvrpCkkhdaq64Gfen,0.389,0.544,194400,0.747,0.00000681,6,0.159,1,0.194,123.647,0.476
3pjvkWO9fqiRRBE1tDLu3S,0.333,0.822,185085,0.851,0.00792,11,0.105,0,0.0422,117.992,0.749
5q86iSKkBtOoNkdgEDY5WV,0.803,0.759,180673,0.561,0.121,0,0.101,0,0.131,104.915,0.491
4EQOGfssbSpTlV6EZRtrSv,0.0462,0.872,188009,0.681,0.0000138,0,0.129,0,0.11,96.986,0.481
5yocaqYG38qpSSxV1t0o3D,0.368,0.742,231429,0.508,0.0000272,4,0.115,1,0.0539,98.017,0.31
0NO2zL0kw8sGGnaMvHKAZF,0.173,0.765,237474,0.872,0.00000565,1,0.0749,1,0.0498,94.999,0.722
25MXhQD6t6jkWhYcuGBcjt,0.0397,0.77,132600,0.702,0.000441,7,0.0658,0,0.0426,100.042,0.349
0CYTGMBYkwUxrj1MWDLrC5,0.114,0.743,168133,0.831,0.0000643,8,0.35,0,0.0584,95.975,0.609
3vKYvbzB7801a5qd47pxkm,0.712,0.757,199831,0.738,0.00000967,8,0.198,0,0.22,120.091,0.753
50naDXYjnGlLgrE7yUxsok,0.287,0.673,151304,0.809,0,6,0.213,1,0.0805,91.935,0.514
6WbAhuwE6fCOriBu5786X1,0.472,0.951,201280,0.692,0.000182,5,0.0894,0,0.312,115.047,0.431
0xCRFfgIHOsmovVZzrFCoT,0.372,0.75,216000,0.593,0.000595,2,0.108,1,0.176,179.962,0.454
53tfEupEzQRtVFOeZvk7xq,0.146,0.914,156788,0.622,0.0000168,7,0.0632,1,0.0892,130.04,0.77
4uVEdikP5eLUy8Dq6gjiPV,0.34,0.758,197383,0.888,0.00139,1,0.144,1,0.0706,107.039,0.408
0otoSS2m3QjbDLzsHMobgK,0.112,0.755,186477,0.768,0.00000649,8,0.203,1,0.145,176.006,0.617
6OzUIp8KjuwxJnCWkXp1uL,0.0584,0.736,229065,0.727,0.00000191,5,0.0976,0,0.0571,94.048,0.644
5S7FewmYYyLNdMOfeEcB6P,0.309,0.793,127333,0.62,0,3,0.121,0,0.0462,111.979,0.917
5jt25aFjW2kNoBqaEVaz5W,0.307,0.757,202174,0.789,0,5,0.0717,0,0.0583,91.911,0.464
2hLXUbsOU9cDb9RFva9FYr,0.389,0.771,228750,0.707,0,2,0.0745,0,0.055,127.963,0.317
0BJMkf1sQmY3TwcHapARZI,0.417,0.739,186723,0.682,0.0000395,9,0.105,0,0.0972,94.048,0.476
6G12ZafqofSq7YtrMqUm76,0.419,0.873,158805,0.695,0.00000123,0,0.211,0,0.0459,131.963,0.823
6gN4xor5X60aNKrvyjMBPU,0.222,0.714,198000,0.662,0.00000503,6,0.176,0,0.152,119.972,0.275
15wMJJiVpt2ABQw032Rywi,0.336,0.49,148386,0.692,0,7,0.659,1,0.274,102.16,0.484
5x17YrAwajDUCqB8zT9ElY,0.111,0.845,222857,0.776,0.0321,11,0.0684,0,0.0488,105.018,0.528
4YBgxy0sK4ykesIYuLldxz,0.452,0.435,193636,0.615,0,6,0.502,1,0.0439,176.254,0.489
4Rjq1TZbF0bDstOs6SiI6J,0.263,0.798,260952,0.718,0,8,0.142,0,0.0443,126.01,0.727
4SMeOd5Fb7Rp92ODZTWCHV,0.393,0.729,210750,0.68,0,4,0.239,1,0.0554,114.928,0.466
7rJ1eWSl8VIoKW9Qj7ImSU,0.293,0.638,200471,0.732,0,4,0.119,0,0.0647,169.917,0.0717
6i1g5ZRmJZAkDwBaUZ3f2i,0.298,0.704,141340,0.756,0.00000375,0,0.0852,1,0.448,121.737,0.461
24PUqZJcXUjByIybGftoHZ,0.253,0.659,160976,0.704,0.00000218,1,0.133,1,0.0409,122.951,0.15
3otxqaLl04PmaRD4zmOJeO,0.151,0.702,174426,0.742,0,7,0.112,1,0.177,89.923,0.587
5R2hNuiiwnKVAUNktF9j2Y,0.145,0.692,154000,0.75,0,0,0.133,0,0.0411,120.037,0.443
58cEG7FsVoipRiRKUMgOjo,0.00112,0.857,190654,0.829,0.015,0,0.255,1,0.0842,106.993,0.208
76Oz7riVeTOze5U1ceIt41,0.179,0.636,207063,0.874,0,1,0.661,1,0.269,169.986,0.7
4f1IC0mWzqRcYtsALav0kJ,0.0869,0.78,152147,0.468,0.0000123,10,0.101,0,0.145,94.994,0.497
0tNhrnTkLSMUkql3iTCgW4,0.0417,0.587,180214,0.759,0,4,0.274,0,0.0626,164.02,0.687
5RX8T3EoTuXcybAxe6oPAw,0.00207,0.718,175161,0.791,0.00292,2,0.111,1,0.0447,155.082,0.743
1mHRqzrSR9MQaryDj6GibE,0.528,0.379,212641,0.504,0.000116,0,0.245,0,0.0296,199.849,0.296
08Y12A4mwKiGIOvap0hHPH,0.29,0.549,178546,0.63,0,1,0.179,1,0.532,81.438,0.555
12zIIWVV5guPmsV7yQGsOM,0.324,0.613,218473,0.737,0,2,0.159,1,0.143,125.03,0.484
2IWvgjThRD86tBtx19JYLn,0.0264,0.785,195250,0.683,0.0000665,7,0.0991,0,0.0629,150.017,0.433
6ISLBKxChtxZ5Ws6nO6Cbi,0.0309,0.515,183927,0.936,0,1,0.205,1,0.13,164.976,0.424
0SKqOkYoE8ebXyTZQaBjnd,0.0258,0.773,148079,0.607,0.00145,1,0.105,1,0.0568,133.981,0.481
4Mg2rAHrqKXQzLRIwr4j9r,0.0841,0.518,209677,0.56,0.000185,2,0.0933,1,0.0483,93.002,0.276
3nNtD3vtQ8yhrxQ5bxaRAB,0.15,0.825,139085,0.741,0.777,7,0.349,0,0.044,123.008,0.678
47EttOPfJblOFsztpSseEm,0.0287,0.752,167574,0.743,0.00000372,10,0.115,0,0.0322,121.993,0.707
1Myk7vkJ2IZm88Vt9IC21u,0.00325,0.548,180873,0.837,0,9,0.222,0,0.0501,163.427,0.436
59EjpBgEOq3kr53cNLAcF2,0.129,0.695,210908,0.625,0.000128,11,0.0952,0,0.065,159.042,0.132
0lPrY8sXUen0bqga0BIeWa,0.248,0.739,183806,0.678,0.0000121,10,0.128,1,0.029,122.032,0.581
2Xt73nX1u3QHzJmQlpuGMP,0.285,0.727,152578,0.598,0,1,0.0843,1,0.067,128.017,0.459
4EXBxZeqKIayJa65KtAwZw,0.0976,0.68,187909,0.649,0.0000121,7,0.118,1,0.0561,140.063,0.44
4F7V4HGz5qeokniev7MT2c,0.0545,0.835,155106,0.831,0,5,0.149,0,0.0439,129.971,0.667
3KOKML3DT5AbPOQYWjBZTh,0.212,0.865,154571,0.53,0.0018,8,0.152,1,0.0972,102.008,0.41
5IrehI7ObhFWGhWxGb65U1,0.00154,0.708,162624,0.669,0.00415,8,0.291,0,0.0303,123.015,0.588
1Q1S0iW0vVwRdHrHi7wa94,0.397,0.664,175166,0.476,0,10,0.163,1,0.0263,131.068,0.461
1vKaXLIYk3t1OOM6zL2xpT,0.0887,0.853,143151,0.675,0.0000564,2,0.424,1,0.0497,116.985,0.599
4LF4LXtyULKaS3skaAndBp,0.124,0.741,140089,0.502,0.00135,5,0.122,0,0.094,146.043,0.121
14LdhxElpZS0rKVV4nxtdA,0.0696,0.563,147980,0.908,0,4,0.328,0,0.0868,125.972,0.171
3dMSUouXkSMQRxrn5tQFB6,0.176,0.807,137359,0.681,0.0000124,1,0.098,1,0.0384,128.031,0.69
3Ksvxtooh9DzGfWv64bYkp,0.0686,0.797,182212,0.738,0.0000238,3,0.151,0,0.105,129.951,0.656
0oiz37APFPumfnCdLWNYjO,0.0217,0.612,173221,0.695,0.00244,9,0.157,1,0.0403,88.027,0.6
79Hll9uh2wBbKqDJc4LuXl,0.0399,0.646,175201,0.818,0,6,0.32,1,0.0676,137.005,0.834
244HqAdMLdMTElPUxvT9RT,0.039,0.666,179457,0.663,0.124,7,0.374,1,0.031,90.006,0.192
21GN53EvKL963Dr2Q2B9SW,0.0698,0.526,160619,0.674,0.0215,5,0.114,1,0.155,175.994,0.636
0WzmYcHhfkchwvZagvItxK,0.0721,0.871,121961,0.687,0.00141,7,0.357,1,0.155,115.963,0.586
2QS3MUxQ1oZvaThkIX0SmT,0.0393,0.743,169446,0.668,0.0278,10,0.11,0,0.0648,173.979,0.843
2G1gCuldjtW9xcN1n1yenB,0.0324,0.704,165633,0.818,0.0205,1,0.356,0,0.0318,129.962,0.909
1RCQAeceDgtbD7WVLWr05S,0.000815,0.642,247427,0.633,0.0000464,1,0.12,1,0.0418,135.008,0.553
44Xyja7xYPlVC6v2CeweSi,0.00176,0.704,168280,0.819,0,9,0.094,1,0.0626,139.921,0.914
6qverLcFcryBhJBgomIZjw,0.0261,0.771,136800,0.658,0,2,0.273,1,0.0912,99.993,0.49
2h9FYDFYIScQ4dHtsL70gn,0.0841,0.845,185094,0.735,0.0082,2,0.108,1,0.0335,120.02,0.584
55qPuI6NekVyNPM6kh5DN4,0.00724,0.705,179879,0.919,0,4,0.0891,0,0.0604,140.024,0.921
11BKm0j4eYoCPPpCONAVwA,0.0107,0.591,244760,0.637,0.00000195,9,0.113,0,0.03,99.998,0.432
1F4ndGt7gZ5bD8h2Eam1uT,0.033,0.672,167813,0.817,0,5,0.311,0,0.0344,121.933,0.806
0hR9rAzfwW8EuutTXdSzuF,0.0878,0.932,218000,0.499,0.000821,8,0.13,0,0.0446,116.065,0.937
16FTTvpIgihyei3EBNw1jd,0.141,0.717,159573,0.686,0,1,0.208,0,0.0483,134.067,0.653
3xrZCGMyXIDqesVz4QwJOL,0.065,0.841,162373,0.466,0,0,0.0898,1,0.203,110.056,0.744
5UPpgOKi0UQMMMSzWWgJJe,0.0853,0.707,182068,0.778,0.00365,6,0.177,1,0.221,140.988,0.668
7wNHu6h06KBh20KVYmnRKa,0.247,0.747,225413,0.577,0.000181,2,0.269,1,0.346,141.086,0.681
3NzxPt9QFCTsFBQ0wPVTDe,0.315,0.79,134910,0.687,0.00107,8,0.348,0,0.0685,146.05,0.862
3D29kjUyWxsT3jUUTtARVQ,0.229,0.695,240413,0.63,0,8,0.118,0,0.035,130.968,0.55
4serT1J6lu8eTsMMG9VhF8,0.52,0.864,151000,0.595,0.000817,8,0.0689,1,0.0506,119.077,0.758
1xLCwgQcF6bKncTJmRGGws,0.34,0.762,226653,0.59,0,0,0.0765,0,0.165,122.105,0.738
5HavMB9WGE33KK6NL8XjXl,0.282,0.919,164334,0.621,0,9,0.0839,1,0.274,130.12,0.555
2Jof799F251cl0DyUW2dqW,0.205,0.84,205627,0.571,0,5,0.0969,0,0.171,120.046,0.661
7A2DyRIqqelhZ4caPJMaFI,0.0297,0.71,147788,0.712,0.00138,11,0.0975,0,0.3,162.106,0.596
43vjYTKZg8R5LsuITJ4wVu,0.117,0.683,146133,0.689,0,4,0.0688,1,0.183,73.039,0.413
0i9RysNKssk6syOrKDX3U2,0.268,0.673,210933,0.636,0,10,0.108,1,0.0771,127.021,0.438
4wNyrbY6B2Okii8VeKo2B2,0.508,0.724,152547,0.593,0,9,0.196,1,0.0766,141.901,0.624
43eoqH9CIZqy7VXLnwwMnu,0.136,0.709,197387,0.612,0.0000221,2,0.127,0,0.17,82.5,0.427
7exHT4swWOKL5addPeqkLP,0.00151,0.525,247067,0.599,0,2,0.0762,1,0.0281,129.841,0.226
6YWjskKykdPsBuiTBOg1VK,0.0597,0.756,199347,0.736,0.00000498,11,0.0373,1,0.0443,115.985,0.612
0uSjZhPKuYBcObeetfVlpn,0.244,0.765,146441,0.744,0.000223,1,0.0966,0,0.0644,117.989,0.523
38T0tPVZHcPZyhtOcCP7pF,0.148,0.637,210576,0.715,0,2,0.0892,0,0.0455,141.872,0.308
3PqAQRlPl0yOnqqcB6Y5Cw,0.2,0.661,217413,0.425,0,4,0.104,0,0.0372,115.923,0.252
6PrB4KpvuoYWtwjPC5a44S,0.306,0.603,176120,0.802,0.0000506,4,0.124,0,0.111,130.121,0.787
4otT81iBBpaf36roGtzT4a,0.595,0.681,218587,0.459,0,0,0.0828,0,0.0398,83.47,0.33
5w3GRfKybnACxA4vTuIDAi,0.595,0.695,94253,0.581,0,4,0.105,0,0.371,134.658,0.0995
6btgTbK2UslfSu0qjTEXQm,0.113,0.713,206273,0.67,0,9,0.52,0,0.305,120.76,0.457
5klPZRehMLpiKUchPAzKyR,0.276,0.621,164568,0.538,0,7,0.112,0,0.114,85.054,0.184
0jHBAPWVAZIwW67hg0XHnh,0.232,0.803,153288,0.499,0.0000788,5,0.0949,0,0.276,167.939,0.507
6OZwia8loN0aPS0vTvsBjR,0.301,0.66,192960,0.72,0,3,0.226,0,0.0753,99.937,0.628
5atXcF9P7BvCIfCwpALYXB,0.0442,0.736,143197,0.684,0.000062,2,0.211,1,0.294,164.939,0.436
48BdA5qBxXVoe59xvu0bwc,0.441,0.486,217947,0.786,0.00000446,4,0.077,0,0.209,94.644,0.534
0S1WhhsVn5wxUngCz5TQnE,0.196,0.701,189400,0.834,0,9,0.0264,1,0.364,159.964,0.799
4oujvmTUXlPr6jWTWuzfAK,0.754,0.747,171293,0.462,0.000434,1,0.125,1,0.0707,138.061,0.335
0Jh6iWjna1wk5le0Ahn7No,0.687,0.8,193444,0.756,0.00000206,7,0.111,0,0.0367,113.204,0.456
7LKbaK4RD00Nso9EJk4opn,0.384,0.833,174480,0.872,0.365,7,0.113,0,0.0426,112.044,0.741
0z3bi63SNZ5ylyHOzb81Uq,0.167,0.752,123846,0.669,0,10,0.0795,0,0.251,155.997,0.627
3x6n0IkVMIqTl7EE2j3R2g,0.474,0.879,162293,0.622,0.00000287,11,0.236,0,0.1,118.011,0.873
6sCvvleqKbeyOkQDieBYgp,0.899,0.247,196520,0.299,0,9,0.131,1,0.0315,177.115,0.172
3TVUW7bJJWDOonkVCZxfLV,0.361,0.734,143526,0.532,0,7,0.105,0,0.102,138.043,0.491
323zcUSa2qrq0aUAwL30sT,0.0498,0.636,181667,0.603,0,10,0.0685,0,0.105,179.923,0.404
4fWyBvLIPO68D2Ff87t1em,0.0156,0.748,203438,0.579,0.0000137,1,0.192,0,0.0323,127.974,0.625
0LVjBdjZvJykxed42ExTLf,0.51,0.755,164903,0.569,0.0000177,5,0.417,0,0.0339,117.938,0.708
1L8sanepRgDJlQTsPQ4mU1,0.571,0.899,144000,0.481,0,7,0.11,0,0.239,130.018,0.139
0xLnJgUHvPnq6n2ESDSMXF,0.00956,0.769,157656,0.662,0.00167,10,0.0869,1,0.04,105.016,0.399
50vXZhuyOfXaEkG3jVacmd,0.139,0.464,171818,0.588,0,4,0.254,0,0.255,153.89,0.28
2LcmbuYX7tyR4DWy3b273L,0.131,0.856,214383,0.89,0.0143,2,0.0614,0,0.0627,139.003,0.77
5tiTVSryX1Hu09cPsNvaIR,0.0381,0.534,177143,0.752,0.0000113,8,0.213,0,0.0958,167.963,0.552
5y9KXJV7Gwk3Up34fyPWMr,0.597,0.572,175797,0.668,0,8,0.094,1,0.49,93.135,0.326
1HFFfvXM13DA5hYt6SjhZj,0.696,0.617,176684,0.414,0.00139,6,0.236,0,0.188,126.588,0.55
65PPYvLLxqXwYEIdpW8fy6,0.391,0.752,181915,0.599,0,5,0.242,1,0.0537,123.046,0.529
0DDcpc9ImOsGUWupRj2xu5,0.0231,0.741,148721,0.727,0,7,0.121,0,0.155,150.061,0.716
1ruXNzERqtHdoXULOAcCsJ,0.0367,0.744,167684,0.511,0.00315,2,0.0971,0,0.125,94.991,0.518
7Gzz44FpTbZu0DNVVZjwPs,0.364,0.734,199433,0.564,0,6,0.527,1,0.032,116.025,0.538
7vtbmvZElsg69HeTdn6N55,0.872,0.763,201692,0.518,0.00025,6,0.0855,0,0.319,96.005,0.514
5qeKjCFlvCwPlUK3zeBZfD,0.162,0.868,141552,0.537,0.00000292,0,0.145,0,0.284,96.043,0.518
5YdnOm5990Kfq1Jodws98B,0.0559,0.616,154561,0.841,0.00217,5,0.417,0,0.076,110.029,0.714
3K00Ib1shkOEiAXU5pec6e,0.234,0.679,155909,0.548,0,0,0.189,1,0.0298,115.954,0.413
1635wWSdp29PO3GxYhy991,0.458,0.941,169606,0.753,0.61,6,0.109,1,0.0905,127.02,0.681
185P7rSD4EGHKzCerrvYtF,0.342,0.872,141333,0.37,0,1,0.169,1,0.297,89.973,0.659
0zKbDrEXKpnExhGQRe9dxt,0.0607,0.534,153443,0.855,0.000263,1,0.346,0,0.183,122.06,0.42
6n4LMiU6CQu8NuGeuhBwwa,0.0311,0.876,206527,0.682,0.00000258,0,0.323,1,0.263,105.042,0.794
3oFKhY9iW9S0iA9OHO9tN6,0.145,0.835,166912,0.645,0,6,0.11,0,0.0827,105.068,0.338
0jm8p2ErwB4u3uvxc7vxGy,0.136,0.831,142857,0.476,0,11,0.18,0,0.0983,104.965,0.529
3rb0tMq42WfggucPm0HHkA,0.118,0.607,148629,0.767,0,5,0.122,0,0.0474,123.998,0.662
7xTDT7gyIrv0xWpwwXExxU,0.0529,0.574,209027,0.852,0,2,0.161,1,0.0397,123.038,0.501
3KZlVBckUXU3qCmi0h0VHf,0.149,0.672,171227,0.834,0,6,0.0619,0,0.0547,123.977,0.766
5VzimlAe6d9QJgCYgWky8v,0.769,0.531,183281,0.415,0.0000789,11,0.146,0,0.0516,127.485,0.408
3BnDvpeuGOj21Ir2aVEtQo,0.365,0.814,219669,0.789,0.000502,11,0.137,1,0.0405,107.003,0.842
1xs8bOvm3IzEYmcLJVOc34,0.0369,0.792,185093,0.503,0.00057,1,0.0959,1,0.0626,99.97,0.381
6TYFXyFTDZ6qwFPuBJfWpK,0.245,0.367,212962,0.438,0.0000497,3,0.116,0,0.034,119.408,0.142
7GZ0lQasbKSKie0I1Bv7Vd,0.67,0.523,181556,0.391,0,1,0.0937,1,0.0357,135.027,0.263
0xbSjXWyD0M1ucTtKHPd2N,0.0223,0.633,174173,0.856,0,10,0.058,0,0.0929,139.89,0.703
7esGcqsNB1vSVAeVDfOW1c,0.372,0.752,195140,0.469,0,0,0.0868,1,0.1,127.954,0.441
0bg4gJlfoDR0ICj58UfmdF,0.00296,0.85,153789,0.647,0.0179,9,0.412,1,0.0743,123.52,0.832
6Wu2r3oKnrObZf8a18QVJH,0.142,0.649,190347,0.761,0,11,0.382,1,0.053,127.193,0.546
4vOoQh9MhS9pyrbvc8LyMz,0.00686,0.584,196940,0.915,0.000155,6,0.098,0,0.11,181.882,0.57
0imwUR7oy4kgX2IjMoLPDy,0.00643,0.541,151741,0.908,0,7,0.0955,0,0.0541,138.038,0.674
28mdpto16dpOw2vl5B4MWi,0.0298,0.741,110847,0.625,0,10,0.329,0,0.0717,117.943,0.48
3aiOu3VFNOD9omIGG7nSq1,0.0796,0.694,201425,0.816,0.00000117,1,0.103,1,0.0293,118.036,0.601
5cUqVMM5kxpkud2kKK7LCi,0.194,0.498,204173,0.564,0.235,0,0.1,1,0.0294,134.069,0.318
6iAzs8DCRsCDkr3UCyptXO,0.143,0.512,155148,0.463,0,6,0.0704,1,0.0552,180.091,0.346
4f3SD5C93R8QXPNmAip2PR,0.236,0.689,178912,0.934,0.00199,8,0.131,0,0.0704,118.001,0.375
6b02mOA9cRfwiX69pFuXUo,0.00667,0.646,177701,0.775,0.0000237,6,0.811,0,0.0467,130.005,0.642
3VjEyvyWkd09eE6h1weCfn,0.327,0.511,190431,0.389,0.00000159,10,0.117,1,0.0281,119.944,0.13
4v8yhLDEcRQ6BynXcCrGMo,0.112,0.87,167040,0.872,0.000804,11,0.123,0,0.337,125.021,0.788
56kyGGwLIVAR30ZFiASn8Q,0.15,0.867,143520,0.699,0.0103,8,0.165,0,0.0554,125.023,0.81
774f2Kn00cBgYObzXGEHbx,0.353,0.596,135902,0.648,0,6,0.101,0,0.206,83.141,0.478
2NijPPmzSplyT9d4YdeLse,0.0486,0.676,165536,0.631,0,7,0.237,1,0.0376,111.972,0.42
1qxsnAxrgjvPRMcGbsYTgW,0.256,0.66,177260,0.696,0,1,0.0742,0,0.0399,111.948,0.297
4olmG0sFJ6L0LVI8ssiZFz,0.075,0.662,156498,0.561,0,7,0.211,0,0.0676,77.486,0.36
2coLAzVouJE4BC8lrKbDLk,0.824,0.827,226706,0.421,0.0000117,8,0.164,1,0.0609,98.041,0.703
4XnMxCBN6BQw6eUFXwUwKb,0.0722,0.27,150359,0.578,0,11,0.121,1,0.0327,150.399,0.453
1oKXshzJtz3zDA6dJY8VlZ,0.806,0.515,212459,0.0862,0.00363,7,0.0626,1,0.0367,121.799,0.0907
0SxQZ81RX3icOvVCrLDszO,0.0282,0.829,139040,0.783,0.000303,7,0.111,1,0.131,115.034,0.42
0ZbEc2puxrGJ4VXfJ4VTuD,0.0249,0.657,141026,0.969,0.00000336,7,0.281,0,0.132,123.972,0.828
1fOZciVVoZ1RqpuO5i2hbU,0.302,0.811,132150,0.509,0,0,0.176,0,0.232,100.071,0.692
0SOgdDDCI704FegadgOfc1,0.293,0.57,182769,0.545,0.0000115,11,0.104,1,0.262,130.044,0.587
74xfr2lyWfi2qZjWtqovBg,0.207,0.556,121220,0.674,0,2,0.296,1,0.363,208.066,0.447
1Yn8nh3NeSEfA7Oo9dqCvR,0.391,0.558,171000,0.43,0.00012,5,0.835,1,0.0247,84.056,0.43
0u8AMrMBM6S3YBDfPYwMfe,0.6,0.891,124000,0.632,0,2,0.165,1,0.0934,119.929,0.354
2e9JCw6tagF1APPHXWy6ff,0.409,0.902,128889,0.376,0.373,1,0.114,0,0.267,108.008,0.564
5g9gZGiXlk747pESQzmmRT,0.0537,0.779,148248,0.893,0,9,0.15,1,0.087,135.071,0.933
1fIeKG6eI8FZzVL9mhlz8t,0.231,0.722,146719,0.415,0,11,0.238,0,0.132,144.774,0.661
3xPsqMJQNM14OrawTBiK4G,0.191,0.833,165046,0.507,0,7,0.0854,1,0.0413,111.031,0.483
1VJRxqJhpEIpnHon7ssp1p,0.828,0.299,334053,0.234,0.000101,11,0.0959,1,0.0321,186.369,0.333
2ZfaBbRMcEgSF8JnJIaEBP,0.155,0.876,168000,0.698,0.0000191,5,0.181,1,0.0537,130.033,0.85
1gbty36aDBvrkV4Ux8Y20r,0.665,0.731,155632,0.286,0,7,0.128,1,0.0399,127.942,0.631
1PcFYA0p9UxvQkLe18s8gz,0.743,0.596,133895,0.482,0.0000029,7,0.11,0,0.228,127.689,0.291
5maA851Fle6XexgJgJzFjF,0.972,0.743,140047,0.0349,0.00000224,0,0.108,1,0.0504,99.969,0.451
0gLXS6YP75FZnZllPNdEvy,0.586,0.642,151169,0.594,0.109,11,0.115,0,0.479,103.317,0.292
1ngA3uuYGhKy42xrYEPnwQ,0.748,0.639,154172,0.611,0.00000729,4,0.283,1,0.052,151.025,0.695
7I2nD5Z74Ein0fa1P20Zfz,0.0265,0.566,155821,0.78,0.00000201,5,0.299,0,0.282,200.941,0.47
0078peqORcMMXbcYEfeLkk,0.0307,0.74,184774,0.525,0,7,0.0663,1,0.0491,122.016,0.305
6D434uIe6ssDPXbCx9O9Bn,0.0906,0.368,217854,0.402,0,6,0.107,1,0.0452,185.723,0.316
4DJ6P3O5xd11cQMOsPIWg7,0.38,0.456,186124,0.592,0,10,0.131,0,0.269,80.997,0.527
1RwQZNgaXl01krZHuSUlE8,0.662,0.714,166062,0.732,0,0,0.105,0,0.174,179.951,0.72
6RM3nkmx7A6BRUpNkA6SCM,0.013,0.43,209378,0.528,0.0000614,9,0.0955,0,0.0468,110.321,0.406
3yEStDgucd72WiJNUZWDw5,0.161,0.796,148000,0.65,0,1,0.087,1,0.354,119.973,0.582
4hYamjfzU3VXJCUkfakO0J,0.472,0.495,200913,0.675,0,4,0.142,0,0.266,93.643,0.382
5U0ndjpjzmT1aoLr3pB4zO,0.0582,0.954,148284,0.507,0.000051,11,0.123,0,0.126,114.008,0.515
43xz0Ed6oE5r3FSblGZtE0,0.0148,0.474,221914,0.862,0.0000661,0,0.217,1,0.0701,129.843,0.3
5KMyGMGRiSMZLG1q9sMYRx,0.757,0.691,207810,0.193,0.00000139,7,0.049,1,0.0322,106.803,0.298
3OqnzptKSFrtjr3sldBD1F,0.0997,0.43,147691,0.382,0,5,0.303,1,0.0951,191.732,0.372
7EN8ZT8lGdXH58ulXwW94R,0.616,0.743,189000,0.583,0,10,0.0544,1,0.0585,139.081,0.602
7y3tROxVvdzvJGu4NgWV6l,0.566,0.753,161168,0.425,0,6,0.302,0,0.23,136.791,0.709
1puxV64QJkmRUhhXt4T9rD,0.105,0.848,143680,0.675,0.00000185,9,0.0833,0,0.104,139.988,0.505
0dXCa5c9CZzkNHx1p6SOlb,0.199,0.543,131877,0.557,0.00000203,9,0.0851,0,0.337,165.457,0.652
59uQI0PADDKeE6UZDTJEe8,0.459,0.517,163855,0.675,0,6,0.151,1,0.0357,203.853,0.518
0cv6mTbrqr8vxGC31NjKtM,0.00475,0.566,187047,0.845,0.000822,8,0.148,1,0.0265,103.97,0.698
4w9lk0Nyj7kuDxlL5PZVlv,0.0836,0.682,181767,0.809,0.0000474,2,0.082,1,0.0414,143.979,0.788
3WMj8moIAXJhHsyLaqIIHI,0.555,0.369,228013,0.192,0.00000835,4,0.0954,0,0.04,175.212,0.148
2GAhgAjOhEmItWLfgisyOn,0.425,0.698,181080,0.546,0.00314,0,0.16,0,0.0559,145.044,0.335
42TtHTxWk782ZBiqyOi2d1,0.874,0.447,290892,0.441,0.0000436,0,0.188,1,0.0456,122.811,0.286
68Dni7IE4VyPkTOH9mRWHr,0.324,0.69,292799,0.521,0,10,0.0534,0,0.339,100.028,0.494
4686eQ81DEswHa90bcdlC9,0.577,0.582,207541,0.568,0,1,0.105,1,0.0275,121.991,0.394
3RKjTYlQrtLXCq5ncswBPp,0.579,0.912,115556,0.507,0,2,0.167,1,0.0587,134.978,0.725
5jQI2r1RdgtuT8S3iG8zFC,0.258,0.733,202396,0.436,0.000573,10,0.157,1,0.08,96.985,0.0976
5Y35SjAfXjjG0sFQ3KOxmm,0.805,0.358,180853,0.284,0,7,0.183,1,0.0285,99.796,0.276
3F5CgOj3wFlRv51JsHbxhe,0.000307,0.529,218365,0.673,0.00000241,0,0.093,1,0.175,165.921,0.366
5uU1uuyaUIBOiiUSQG7Wl3,0.252,0.731,157478,0.85,0,9,0.605,1,0.0336,119.706,0.644
6BQrmjAgPfPTwILoFEK3Hd,0.143,0.467,225947,0.624,0.000899,10,0.145,0,0.0508,141.889,0.31
3hxIUxnT27p5WcmjGUXNwx,0.325,0.485,164571,0.409,0,9,0.103,0,0.101,138.419,0.376
2wSTnntOPRi7aQneobFtU4,0.228,0.848,181840,0.512,0.00232,3,0.0879,0,0.102,120.009,0.572
3EaJDYHA0KnX88JvDhL9oa,0.446,0.603,173104,0.784,0.00000832,6,0.119,1,0.062,172.041,0.769
7EAMXbLcL0qXmciM5SwMh2,0.667,0.901,211140,0.136,0.354,8,0.109,0,0.102,150.076,0.643
6KGtAlYvgm4W9PoYabFAYE,0.0042,0.614,206865,0.913,0.00000172,7,0.26,1,0.0296,141.982,0.92
3cBsEDNhFI9E82vPj3kvi3,0.373,0.505,178520,0.657,0.00107,11,0.126,0,0.0318,196,0.252
1IHWl5LamUGEuP4ozKQSXZ,0.0993,0.65,243717,0.715,0.000291,5,0.126,0,0.253,106.672,0.187
1N8TTK1Uoy7UvQNUazfUt5,0.0464,0.73,147875,0.785,0.0216,8,0.111,1,0.0554,94.094,0.649
6dgUya35uo964z7GZXM07g,0.0268,0.74,163648,0.697,0,8,0.224,1,0.034,138.992,0.732
7oQepKHmXDaPC3rgeLRvQu,0.285,0.55,167357,0.5,0,7,0.116,0,0.045,115.016,0.351
7DyDjhZMEIK5Ied4juTCyc,0.517,0.792,151320,0.679,0.0000149,9,0.0962,0,0.041,119.932,0.204
7sJNeWTXkZCEC7OnFMpGWL,0.119,0.797,203560,0.791,0,10,0.113,1,0.33,138.026,0.828
4lkLzhx8zsVIdNd1WANxuA,0.228,0.833,131949,0.65,0.000129,1,0.178,1,0.21,140.038,0.389
1pGxSl5VmzBtejKSmuAKKU,0.0207,0.761,150594,0.41,0.00000114,2,0.135,1,0.201,77.498,0.28
5BfAcaTKnD5s6hkwrK6EhQ,0.0333,0.765,176681,0.598,0,6,0.112,0,0.305,143.78,0.183
4YxZQd3I4rj1nqkXgvpCk4,0.514,0.903,230829,0.719,0.0000767,1,0.743,1,0.052,118.036,0.639
6yeZM8gyykjaf8w0GqRfK4,0.078,0.89,131893,0.521,0,6,0.0958,0,0.169,139.981,0.646
23SqoExnmW4BTJEYzMJze8,0.39,0.819,144264,0.828,0.00611,8,0.258,0,0.108,144.953,0.693
5qEGAHerczFt3HmL9lhh4j,0.165,0.667,158080,0.849,0.000048,10,0.107,0,0.124,155.002,0.752
4tQA4uDHh6iPaQLWaxeQqH,0.843,0.629,137647,0.44,0.0459,2,0.127,1,0.0367,136.084,0.813
3kgt8Ys78I6GBZlQrWqZiA,0.569,0.719,178973,0.685,0,6,0.263,0,0.257,136.172,0.632
64IFiUCsksRiHrUwfPKw6H,0.196,0.825,159416,0.578,0,7,0.232,0,0.0448,109.989,0.798
4HkRGYJYn1Y99uXpqTyOI6,0.473,0.673,149030,0.603,0,8,0.203,0,0.0691,119.923,0.36
6e180XtptMddkCejgq7o8K,0.0863,0.803,151440,0.618,0,6,0.103,0,0.483,122.429,0.697
5xX2LYdXyx0Boa61rZOjq5,0.296,0.846,178453,0.42,0.00134,11,0.09,0,0.104,139.883,0.621
22skzmqfdWrjJylampe0kt,0.0267,0.633,258432,0.927,0,2,0.0986,1,0.0839,146.097,0.88
5ZduaRci3iNUiDfJbBfAaf,0.00116,0.874,102861,0.869,0.00238,1,0.164,0,0.0315,126.027,0.726
4zN21mbAuaD0WqtmaTZZeP,0.0127,0.847,186662,0.69,0.00006,1,0.0526,0,0.0493,125.004,0.692
35DkXhxqTMiQB582tfjowU,0.193,0.89,142400,0.72,0.437,6,0.641,0,0.0729,150.09,0.935
2xIHVoglz5mLrNf145RieQ,0.775,0.749,164253,0.573,0,10,0.15,0,0.0453,112.967,0.743
4N5s8lPTsjI9EGP7K4SXzB,0.0695,0.685,167614,0.738,0,8,0.128,1,0.0595,112.972,0.8
7fZBQnc0zXwVybgCIrQQil,0.0582,0.845,151475,0.797,0.00000557,1,0.167,1,0.139,121.985,0.422
0DH7ZmouflLanUgjYaUP0e,0.138,0.884,215063,0.528,0,9,0.0951,1,0.387,90.001,0.484
5WBJoNzyDtXLPR60EZIIeA,0.0426,0.804,178614,0.538,0.0000481,11,0.344,0,0.222,131.932,0.576
77gw3ZwYga4BjxOKJW6Gas,0.414,0.735,108000,0.555,0.0000066,0,0.279,0,0.0304,147.991,0.753
3uUuGVFu1V7jTQL60S1r8z,0.515,0.671,148197,0.636,0.000411,6,0.172,0,0.103,120.966,0.262
02MWAaffLxlfxAUY7c5dvx,0.44,0.761,238805,0.525,0.0000067,11,0.0921,1,0.0944,80.87,0.531
3xWGA8pa0IKFI7IMPri4P0,0.281,0.788,207853,0.859,0,2,0.0424,1,0.0856,141.02,0.822
6b37xrsNCWYIUphFBazqD6,0.663,0.657,239987,0.741,0.494,11,0.222,0,0.0825,175.949,0.908
6JIC3hbC28JZKZ8AlAqX8h,0.0354,0.795,202735,0.8,0.0000725,1,0.0915,1,0.0309,116.032,0.934
7vwTsX8UY5QZmPiQUmWkaL,0.175,0.574,203192,0.69,0,6,0.197,0,0.0469,87.019,0.298
0pfP5XgWsu3uDB6NygGBEq,0.053,0.713,240000,0.93,0.858,7,0.0669,1,0.0783,160.046,0.594
2WcEQUVZAV7RxNBrHmcFKn,0.0257,0.646,174027,0.727,0.00000241,7,0.131,0,0.0649,136.016,0.468
7yq4Qj7cqayVTp3FF9CWbm,0.431,0.484,204280,0.731,0,1,0.151,1,0.0379,101.654,0.51
1z9NVyu6rOFQR57vA94xbR,0.113,0.782,202709,0.565,0.000634,6,0.0954,0,0.136,134.962,0.137
0fNYJMvRcSBEC4zK3SClpK,0.0469,0.764,177208,0.674,0.0000501,4,0.205,0,0.0724,101.022,0.214
7lkYdyKCN44Lc5saKwIGhP,0.341,0.849,150899,0.449,0,1,0.106,1,0.291,84.463,0.602
4tRhRLBxIZ34Iw0eCuiC03,0.136,0.663,206385,0.559,0.0894,6,0.108,0,0.0391,145.007,0.296
7jYwZOptDPesQgzj7vhsEF,0.132,0.662,148800,0.726,0,6,0.455,1,0.0516,149.944,0.408
5CGPOGyyF3XvyQwyqlJH0P,0.481,0.822,193025,0.683,0,0,0.101,0,0.0861,145.045,0.53
1kKvfCmzXzRcfszwQrXFPM,0.14,0.629,174000,0.458,0,5,0.263,1,0.0374,77.525,0.0758
6rCnJGzjbgyYyhILDcpJmc,0.00982,0.851,129677,0.692,0,5,0.0585,0,0.372,130.973,0.755
3JOV6IFlO4cviGK2cqeTVQ,0.0775,0.843,137647,0.928,0.0011,5,0.258,0,0.0854,135.978,0.725
4pnk9Mhzcv3oHxFyARlNNP,0.166,0.719,188660,0.476,0,2,0.111,0,0.319,96.962,0.447
2viO8F8cWAkkHqZIE8ouk8,0.166,0.744,174447,0.479,0,5,0.146,1,0.454,145.906,0.388
6hw1Sy9wZ8UCxYGdpKrU6M,0.0256,0.941,157093,0.758,0.00258,10,0.193,0,0.17,128.017,0.683
3PBPLps3EbPjBSSOpKmJ8J,0.811,0.454,168307,0.477,0.00000401,11,0.105,1,0.0985,146.967,0.445
2xHZ0R5LYEbD18FOTjO7dO,0.181,0.737,212280,0.746,0.00021,7,0.121,0,0.109,78.051,0.9
6r88rMGtfNgC0SJEytTA7c,0.105,0.974,252680,0.643,0.00141,9,0.0833,0,0.0452,117.985,0.967
1GfBLbAhZUWdseuDqhocmn,0.0515,0.81,146571,0.836,0.229,1,0.0598,0,0.0645,139.979,0.0585
1LIvdWNdKmHvU0FJvw2diN,0.0176,0.615,146712,0.902,0.0000391,3,0.103,1,0.0859,87.03,0.298
0O6u0VJ46W86TxN9wgyqDj,0.121,0.733,192841,0.67,0,5,0.121,1,0.0751,100.964,0.472
0ofHAoxe9vBkTCp2UQIavz,0.0644,0.828,257800,0.492,0.00428,0,0.128,1,0.0276,120.151,0.789
7dGsBUADSyHoD7zdkKi9Ef,0.082,0.829,184120,0.701,0.274,7,0.135,0,0.078,164.035,0.886
5JRwHSavFxqA8I5V4h8CLJ,0.0131,0.72,236877,0.564,0.00663,5,0.0875,1,0.0308,133.976,0.18
6x8to58oCuyPyuXIe5Imak,0.0966,0.477,232959,0.824,0.0000555,2,0.12,0,0.0623,129.942,0.3
13Irp51zj01BZu2XtDrnAg,0.0922,0.721,187108,0.769,0,7,0.0817,1,0.105,155.932,0.915
48UKTR66uUOT9LaUvooTNx,0.0226,0.608,224427,0.745,0.00000647,1,0.0942,1,0.0277,102.025,0.464
4h4QlmocP3IuwYEj2j14p8,0.352,0.768,163026,0.714,0,10,0.15,1,0.0401,131.443,0.842
6HMtHNpW6YPi1hrw9tgF8P,0.0974,0.836,191938,0.743,0,10,0.335,0,0.0653,108.965,0.723
4ewazQLXFTDC8XvCbhvtXs,0.891,0.44,233456,0.317,0.00000478,8,0.141,1,0.0531,169.914,0.268
7j1ZJAbcm4AMBf82jIrAH3,0.00108,0.64,229436,0.845,0,0,0.0686,0,0.0356,120.052,0.478
7qEHsqek33rTcFNT9PFqLf,0.751,0.501,182161,0.405,0,1,0.105,1,0.0319,109.891,0.446
1fDFHXcykq4iw8Gg7s5hG9,0.312,0.416,326491,0.762,0.804,2,0.0559,1,0.0279,95.967,0.461
4r3sIECKwgvwpdc6OQEoZL,0.541,0.851,190016,0.635,0.0317,1,0.0552,0,0.063,96.012,0.871
64uQ0RbW0FI10W1cGei6FT,0.00389,0.699,185500,0.517,0,8,0.18,1,0.0791,150.031,0.477
5BGdBH8MsaHCgfr4TMpRin,0.665,0.562,207874,0.671,0.00000586,1,0.4,0,0.437,187.57,0.43
1xUnvxp9DFrpwXnO0RHKUp,0.37,0.572,201845,0.66,0,9,0.323,1,0.244,123.691,0.581
4CQNELF3U3gyNcI6sLr6yK,0.241,0.545,200081,0.597,0,8,0.107,1,0.0308,103.848,0.707
5pFKuNJdKLyMceZuopqVFF,0.00304,0.254,187398,0.796,0,6,0.112,0,0.06,86.483,0.352
2E32Pv8w20r6ZH4oFecxOf,0.334,0.781,215422,0.464,0,10,0.138,1,0.0443,100.021,0.322
0D3QZNAMH2d5MFkVlebo6h,0.106,0.585,228342,0.678,0,0,0.139,0,0.0888,127.959,0.162
1la73rdzbQGNRFJyO9E71c,0.0653,0.816,181668,0.735,0,4,0.126,0,0.101,127.988,0.675
4midGjEpVz0mYkIdQMFX3l,0.115,0.716,179864,0.737,0,6,0.0922,0,0.0578,131.947,0.584
1MboxS3hV7Wr8UVO59uRth,0.272,0.744,160052,0.579,0,8,0.121,1,0.206,133.105,0.399
3gMPES6pOosBWxkXAakOxq,0.308,0.661,165216,0.715,0,7,0.132,1,0.346,100.26,0.676
5x9LonDyHxGUO2VzfHJHLE,0.13,0.756,172615,0.631,0,8,0.0649,0,0.0502,130.052,0.896
0T8x9t5OQmYQAuyUPJCCAD,0.12,0.684,203840,0.665,0,9,0.153,1,0.0374,135.011,0.603
39jxR2xnmcBbkdPX9oNzsI,0.00985,0.635,201334,0.95,0,0,0.0529,1,0.0413,148.006,0.604
0AbDjrdgKTXzGzvQ1drgQl,0.132,0.74,171702,0.693,0,2,0.331,1,0.095,107.074,0.176
50DsGEqRiQr6KdEYi0NuSP,0.404,0.669,237693,0.737,0,6,0.182,0,0.0527,149.926,0.347
1XpmMe95dk9jh3zuOMpeU2,0.0454,0.683,199680,0.852,0,0,0.246,1,0.0636,93.068,0.448
1cc9BzqfV6aO0EV8c7jGnN,0.187,0.742,170572,0.644,0,5,0.163,0,0.197,124.033,0.32
6LhPeOpKoX1SnqxDzrS64F,0.202,0.595,165667,0.816,0,9,0.069,0,0.209,88.402,0.7
6K8MYTkn5mZzF6p14hV5cj,0.32,0.651,161739,0.819,0,4,0.345,0,0.175,92.003,0.513
62YtBUOYuyW9qelDb7tFWX,0.025,0.76,194571,0.699,0.00000374,9,0.149,0,0.0466,139.927,0.512
3WVXxfB3B76CkG2wglKotj,0.355,0.767,182563,0.653,0,9,0.0821,0,0.131,130.092,0.449
0SsUOrXUM2gZxVLYizZfQZ,0.0615,0.788,188564,0.731,0,4,0.0997,0,0.047,127.03,0.258
2i2KQ1gfaIRoExBoYuVjiY,0.42,0.605,188423,0.531,0,10,0.113,1,0.0348,130.077,0.553
5z7JlQ74N2M57PRIEI9oE6,0.131,0.3,202192,0.55,0,9,0.0543,1,0.0474,145.686,0.225
01DXwNf1GzEJkYTbXgL0eb,0.188,0.594,172654,0.746,0,7,0.0991,0,0.137,164.231,0.0802
11H6R8nu1QxB1yGWHgzKl7,0.111,0.631,174103,0.674,0,8,0.0961,1,0.29,167.785,0.44
4cfwlJOM85bCQ8drN9iY1r,0.446,0.734,161507,0.618,0,10,0.279,1,0.232,90.109,0.373
5IbrGxWxB427KJEDrphgRN,0.402,0.753,191258,0.543,0,7,0.0991,1,0.207,105.011,0.284
3XucsgiwXb8KPn9Csf9Zmu,0.0985,0.818,172000,0.728,0,1,0.0917,0,0.0724,124.974,0.597
1E1nbIsPDO1PdtQwsAKKF3,0.24,0.765,206495,0.726,0,7,0.126,1,0.0505,126.556,0.69
1NCyzQwhhBc2muaA3bjRvH,0.541,0.722,149493,0.75,0,0,0.399,1,0.046,115.998,0.503
3uQLQ73joqyMYDhI2UaBOq,0.0802,0.757,155134,0.805,0.0000293,6,0.118,0,0.0553,99.997,0.848
1Pw9JvFxbenEtnGRRcDvzD,0.401,0.721,212146,0.629,0,9,0.298,1,0.124,87.971,0.324
6BUueuMQR4k7CuoMEsnGou,0.232,0.381,155863,0.627,0,4,0.0803,0,0.114,187.835,0.458
7tsTlt7Kwj2tFvpukBtZd4,0.295,0.741,201184,0.657,0.0000853,11,0.0922,0,0.0504,87.962,0.336
298vG7EUMAUWmvapd4PHL8,0.129,0.492,202600,0.516,0.00000497,11,0.0888,0,0.0976,100.042,0.174
0xEgDBXYO9gGzmxCFWKxNg,0.132,0.503,230923,0.551,0,7,0.343,1,0.0733,109.862,0.0625
6SQmh0L5icrThwGDTeLkg1,0.265,0.613,160205,0.96,0,5,0.24,0,0.0542,159.98,0.669
5ZBIeRCyYvb0nGEtsvuth8,0.0571,0.678,173495,0.73,0,10,0.105,0,0.409,99.164,0.459
0KMDkQbcglNudXuynwKMs6,0.186,0.635,189296,0.69,0,5,0.32,1,0.099,141.845,0.737
6NQ83ioZQLARpVmW3mVA7C,0.394,0.421,158882,0.675,0,8,0.346,1,0.131,71.454,0.363
05MYJf19LSo2E1lZ0RrMAC,0.46,0.478,130286,0.914,0,0,0.267,1,0.162,139.885,0.527
3Nqxx5fdl3FQlrk3zarRmA,0.161,0.787,166333,0.564,0.00000186,11,0.0977,1,0.192,90.002,0.718
09m29we7x9tgxyo6f3OQ87,0.327,0.769,193333,0.83,0.0000025,8,0.232,1,0.337,134.959,0.522
4JmaOG7bfj1uNv8jEUg0Ce,0.334,0.724,188182,0.525,0.00000451,7,0.0779,1,0.256,175.955,0.427
384lHduuDsrR4HPUwR3fG4,0.655,0.419,189000,0.292,0,8,0.106,1,0.0684,197.158,0.27
1pCekfmD7qmOpKnTgttGcu,0.178,0.876,152000,0.572,0.0000524,1,0.154,1,0.0798,120.07,0.354
3f9Ugg030LDe0p6ospTORC,0.0703,0.509,233425,0.765,0.000504,4,0.164,0,0.0763,90.356,0.274
79qk9XiwYlTfcgdptq6lH6,0.14,0.726,282917,0.713,0,9,0.106,0,0.137,139.958,0.232
08sMDBcjUBXWV99gZI092C,0.468,0.734,151049,0.829,0,6,0.15,0,0.103,142.988,0.699
0zmxM4MXfisJRTQcPa1wbv,0.0924,0.772,124687,0.665,0,0,0.399,1,0.343,127.898,0.444
5KAQJfejYiIa8M6Kyw6Xgr,0.28,0.752,147628,0.488,0,8,0.324,1,0.453,151.666,0.726
0sO777EtfmMVFQ3RdBPfhZ,0.38,0.795,215455,0.697,0,8,0.0757,1,0.216,109.895,0.178
5B3vaZQcdqv2KRtzZ9cEQ8,0.289,0.688,137143,0.836,0,2,0.159,1,0.333,139.414,0.315
5Dny8KqcvmDgW6yt0dm0Ew,0.472,0.837,129130,0.613,0.0000161,11,0.142,0,0.301,138.003,0.613
5YvL3ytkusKcM5ozxD9fKN,0.28,0.821,151107,0.522,0,2,0.102,1,0.059,135.079,0.523
2nGA88iGanJ3rkDaWXQLyv,0.0776,0.695,156585,0.675,0,11,0.657,1,0.221,163.987,0.781
2yxPqxHbj1L7vrCpHLtAcG,0.634,0.37,194827,0.497,0,6,0.154,1,0.0501,125.032,0.101
6Jwix2f7lMMhN1TKsDiL5c,0.186,0.869,171427,0.65,0,11,0.143,0,0.331,102.979,0.697
5GdFPcbGDQqtbVO2jl6Ez5,0.0103,0.663,215453,0.811,0.00000535,0,0.21,1,0.0301,119.03,0.937
14154tJOTjeyeOyhnqP4QM,0.593,0.623,131250,0.558,0.00000646,10,0.137,0,0.339,96.605,0.604
2VYT8yaxvwXyRvAWZqM7Ws,0.121,0.771,156800,0.753,0,1,0.103,0,0.11,75.003,0.431
4nv5o5Xo4ySBaIVnXr75Xs,0.128,0.749,154286,0.601,0.0000161,8,0.173,0,0.244,111.986,0.706
5qBLfeAGlgGGsckKhsMWpF,0.101,0.691,178004,0.723,0.00049,1,0.0439,0,0.0866,144.059,0.336
1VoUHMVxu1qG2Z9josOhWs,0.588,0.819,146667,0.614,0.00000289,6,0.202,1,0.256,90.033,0.746
3p6uAP2ajkobkIW8IkEpgr,0.225,0.735,203613,0.602,0,4,0.0799,0,0.114,155.139,0.398
1cAAn5PKy40T1p15fpTPW8,0.355,0.889,138000,0.666,0,11,0.201,0,0.153,120.03,0.818
4lLmG1fatRUgnRz0Ol0WUi,0.0259,0.48,201373,0.808,0,5,0.269,1,0.0423,123.387,0.37
4N6rgD6EqLbWcl5ld3NqTP,0.174,0.773,207818,0.847,0.00000587,8,0.219,1,0.193,110.025,0.639
3T601uaEcVdVmGE5w3BSDW,0.129,0.81,182770,0.562,0.000059,2,0.202,1,0.0503,130.029,0.198
4lPAZiTJbaQ4irMzcq0GOU,0.103,0.681,178856,0.872,0,8,0.353,1,0.0425,140.041,0.756
1yiGGRGdHEc1F3jF5jEVmH,0.25,0.756,185973,0.611,0,5,0.12,1,0.136,140.083,0.828
53OQFPwyflA0jMyUjUSawr,0.459,0.586,164859,0.835,0,1,0.273,0,0.181,150.158,0.677
5JAkf7fy1RpcHX2GdvYWG4,0.0405,0.822,162353,0.616,0.00000385,2,0.19,1,0.246,101.925,0.33
6Hio4nlyWL2WBL8nYlbuGt,0.221,0.649,176360,0.797,0.0352,6,0.0728,0,0.0504,129.966,0.49
6eNRGL6Nkdg7RhJtmbcl0j,0.437,0.627,184615,0.754,0,3,0.0963,0,0.0298,130.128,0.786
0oKpBxCq4U5IvUZqMuVMM3,0.87,0.44,204733,0.347,0.0000158,6,0.115,0,0.1,172.593,0.134
1597vvneWf0zoQrg2D8yH6,0.306,0.872,107077,0.519,0,7,0.276,1,0.244,86.768,0.52
4qDT0BeJ7BjatrN9k8AvB4,0.0186,0.712,165926,0.685,0,1,0.0911,1,0.182,162.032,0.454
5KX1zLcBZ5bv8iA1odyonT,0.472,0.874,142727,0.545,0.00929,8,0.2,0,0.209,103.001,0.624
7BELSQR2lAJLELaKvVkct3,0.843,0.629,192632,0.348,0.000107,3,0.117,0,0.0854,152.088,0.35
3hUk7wHp5Ruas0FLLVW69c,0.698,0.459,208485,0.463,0,4,0.649,1,0.111,148.284,0.351
7nFvKgVumc9FcU97zGjjei,0.124,0.732,168000,0.671,0,10,0.128,0,0.082,159.907,0.836
56hVdyqQWCMYfKopnVRCwQ,0.339,0.48,229867,0.545,0,4,0.0958,0,0.592,175.586,0.54
2orGm2E68ODFYOURjaES62,0.385,0.585,225882,0.662,0,5,0.0966,0,0.351,169.239,0.533
1OZ4uv7OAP24Ix6j3vojLt,0.117,0.585,157500,0.6,0,10,0.0504,0,0.436,160.635,0.617
4PQ5AInr4YoBauth9YPduL,0.081,0.73,148049,0.966,0.0000793,11,0.0946,0,0.0619,168.091,0.891
0elz4WC9ZtAOzqP4fgt8T5,0.859,0.8,177273,0.341,0,5,0.144,0,0.0923,87.915,0.751
1Jk03rMQGTjdkjNtCGgkPd,0.247,0.471,210758,0.578,0.00000766,5,0.224,0,0.0468,139.546,0.304
3aml52yDe6ff32XOgZQ0Cb,0.187,0.616,202281,0.68,0,10,0.146,1,0.164,126.485,0.237
1Hc0zt33FVHdi4DWtUAa0s,0.11,0.765,205091,0.702,0,11,0.208,0,0.0507,104.885,0.235
4mD9hjoTckjeL1CrJCx0MT,0.655,0.853,162461,0.913,0.0235,9,0.0311,1,0.0514,130.005,0.952
15ERxM3x0D2HzqdhPxsbd2,0.125,0.83,272637,0.39,0.00000213,2,0.0832,0,0.428,169.91,0.107
677ebW5G4BLaqX5Ue3itGv,0.364,0.791,208068,0.649,0.0000198,2,0.107,1,0.12,96.958,0.391
5fjD0vHh9XRL6b657FWe9C,0.492,0.696,142342,0.708,0.000726,1,0.101,1,0.0666,97.907,0.699
1ACALdBWViTpLBC14Ecv8E,0.148,0.556,148615,0.659,0,11,0.294,0,0.0942,86.634,0.754
2hkwwmmLC90T8BQ7t3xufq,0.222,0.846,158171,0.81,0,9,0.139,0,0.0867,135.074,0.762
2m6ZDDrTvDQtKbwNFyI3r5,0.0607,0.778,154419,0.706,0,6,0.0969,1,0.133,129.027,0.71
0dAZ5dCofHy6rquqU6YG29,0.392,0.574,224354,0.776,0.000191,2,0.211,0,0.0491,171.932,0.516
5vC8UAOHeG95ehRzZChniB,0.537,0.953,131583,0.57,0,6,0.0993,1,0.245,129.947,0.834
2K9kZpwD2CzTa6iiSYYOoO,0.449,0.743,166775,0.865,0.00000305,6,0.297,1,0.0315,129.999,0.794
172oAbLGpgeCsukno7oBRe,0.942,0.319,308053,0.198,0.00000865,0,0.0817,1,0.0402,62.925,0.287
1dBroK67DSaaEE5kvkVjzG,0.443,0.635,252747,0.389,0,5,0.114,0,0.0638,79.991,0.667
3IxGmKdOkv7tgMCzyKF2Xm,0.748,0.55,263134,0.557,0,2,0.111,1,0.0382,141.791,0.369
11IqNbLOD4s4nVYSuEttFR,0.723,0.646,232008,0.452,0,0,0.117,1,0.0307,94.566,0.266
3mVO7XaN9ULGNuXteiCOz3,0.5,0.466,250677,0.471,0,10,0.113,1,0.039,146.879,0.229
4umaD9GJDZMihD9mal7vd1,0.0399,0.624,252525,0.667,0.0000342,10,0.104,0,0.111,147.037,0.223
3b4dQtIVyVhQdbYVfrik0k,0.869,0.57,280149,0.392,0,7,0.117,1,0.0307,137.092,0.524
2E5X5HbBHBUeo2juTSgTMX,0.0503,0.578,228909,0.713,0,9,0.105,0,0.03,130.985,0.397
3x2hKSUf8O8IqI1shmxGnp,0.503,0.679,223951,0.563,0,10,0.102,1,0.0334,107.014,0.631
48yFnEAkBdOmqvhZ6NaR4U,0.101,0.419,259375,0.811,0,11,0.307,1,0.0364,165.966,0.563
5L3pDOYct21zjioooK0IqX,0.582,0.736,185485,0.652,0,4,0.156,1,0.0528,133.936,0.891
2vJreatDgwtXWKpkqpPUZ3,0.785,0.623,226665,0.382,0,8,0.0974,1,0.0349,125.881,0.287
1ZrnCyms7CBYsCvkkVIkt8,0.393,0.491,273390,0.533,0,9,0.0944,1,0.0473,149.856,0.214
6flgMTTqhbJSNryAPCYcvA,0.574,0.411,258925,0.482,0,9,0.227,1,0.0475,172.079,0.261
433FK3gktWwmjkAPMSqVNO,0.318,0.737,220939,0.483,0,9,0.293,1,0.0311,83.966,0.514
2rbbJ2xZFJa2DriR5h0TBS,0.166,0.368,185033,0.754,0,1,0.112,1,0.317,170.029,0.522
5awK4mHW8B2bCuX8G0Grvb,0.262,0.653,239341,0.811,0,2,0.1,0,0.0363,115.515,0.404
62ZpTeNkawwXCr7tNtF8Zz,0.54,0.651,218399,0.612,0,11,0.172,1,0.0331,128.021,0.712
2P5Eeh29qJrYa1T27cdL3B,0.716,0.703,228819,0.607,0,0,0.112,1,0.0409,118.973,0.819
4pnqbvjkdoIKUzmfr1bUho,0.0461,0.418,207738,0.718,0,10,0.249,0,0.142,81.905,0.526
1jPDZpQoMwgmP3CzmIiTxB,0.594,0.577,237404,0.6,0,0,0.155,1,0.0331,133.987,0.446
1Bnmeza32UZ1frQTxGexnt,0.796,0.599,265045,0.479,0,8,0.0878,1,0.0332,128.917,0.497
0Rhz56u8K6hjzxNCGkJjhi,0.425,0.566,223500,0.418,0,11,0.14,1,0.0288,153.94,0.139
2pFkBa11TZLwI4t4uzIWdi,0.491,0.655,172419,0.579,0,2,0.225,1,0.0347,92.965,0.434
1eId3TVzGrwv73YAWAVQMX,0.834,0.65,237733,0.425,0,9,0.12,1,0.0266,75.988,0.403
7o4T6JqF9oakRouiBexoiT,0.68,0.61,241107,0.473,0,0,0.131,1,0.0353,127.767,0.466
7xE3HkKaZFhtzrt2FiwNOd,0.331,0.73,213281,0.494,0.0000024,0,0.0906,1,0.094,92.014,0.381
5AnD1Tmu5hKPeHGyxGq6LJ,0.882,0.527,274716,0.418,0,7,0.0889,1,0.0296,109.675,0.631
1Pt5syTlJvn3FOqAET84WF,0.213,0.824,190028,0.475,0,2,0.0978,1,0.0605,111.029,0.803
40NvsEFexANIROSnKIMYXB,0.756,0.546,308622,0.409,0,10,0.0764,1,0.031,84.116,0.412
6rLZknU66zYG9Q2NI4fCYl,0.0208,0.643,247385,0.738,0.000285,7,0.213,0,0.0604,129.982,0.694
0PNlAxz1G2WLTC8WRMxUmg,0.667,0.531,219070,0.342,0,6,0.0893,1,0.0319,110.332,0.222
5w3SN2UjZRuuvPLAisQuaC,0.862,0.432,224661,0.345,0,2,0.295,1,0.072,151.536,0.253
7wDHnKKyw7GSw9ihEHTXm3,0.552,0.497,249344,0.426,0,3,0.254,1,0.0318,139.577,0.335
1rTnGbIahUmq6fK8RWAXfd,0.713,0.598,242647,0.48,0,5,0.134,1,0.0324,122.875,0.382
7gRFDGEzF9UkBV233yv2dc,0.00327,0.818,175889,0.69,0,0,0.186,1,0.0454,110.071,0.688
4ckh5VN2HYQ8TzS51Nh7ol,0.633,0.611,280822,0.411,0,11,0.116,1,0.036,123.728,0.391
4knMu3Cbg277Di6oEkpeRA,0.685,0.427,213969,0.444,0,1,0.112,1,0.0287,150.256,0.595
1WzMnzTmdWbJZ3OhizMtbX,0.578,0.59,235257,0.513,0,11,0.093,1,0.0283,129.909,0.52
07hNtsHI2yS6a4sblgPyp0,0.106,0.656,203212,0.643,0,10,0.0981,1,0.0423,136.959,0.425
3i0h88q1HBtbdIg2bPxs54,0.661,0.319,237864,0.432,0,6,0.108,1,0.0317,128.244,0.244
3w75Uvn1cojNlBhQoxpVP3,0.717,0.466,246731,0.228,0,8,0.107,1,0.0305,77.982,0.366
4z6FksNI6MLCDTHrNJXhO0,0.35,0.603,278500,0.325,0,3,0.113,1,0.0456,123.759,0.323
0o9zmvc5f3EFApU52PPIyW,0.166,0.6,185573,0.76,0.0000409,6,0.189,0,0.0452,158.078,0.519
50x1Ic8CaXkYNvjmxe3WXy,0.695,0.593,220750,0.352,0.0000222,4,0.3,1,0.0284,119.988,0.226
6Iq3sgLVrqqZfRitLaeHkn,0.503,0.488,254863,0.405,0.00000686,8,0.108,0,0.0302,122.049,0.152
26hOm7dTtBi0TdpDGl141t,0.383,0.472,211667,0.518,0.127,8,0.289,1,0.051,147.805,0.154
1b0aDgrG775i4sPQgJGmkU,0.815,0.49,278500,0.398,0.000187,0,0.114,1,0.0266,129.772,0.136
08MFgEQeVLF37EyZ7jcwLc,0.868,0.375,254400,0.457,0.0145,3,0.191,1,0.0315,174.839,0.415
3AVrVz5rK8Hrqo9YGiVGN5,0.0194,0.369,290147,0.467,0.46,5,0.109,1,0.0274,94.473,0.174
0QzuaeCEEOV40Pn7IvKEny,0.845,0.656,171743,0.436,0,8,0.221,1,0.0744,109.239,0.196
6gNG7O2IlMYUXAcCDwQrPT,0.495,0.325,240760,0.345,0,5,0.0726,1,0.0311,77.835,0.135
2eAvDnpXP5W0cVtiI0PUxV,0.0157,0.609,233720,0.692,0,1,0.0864,1,0.0259,116.959,0.454
5Odq8ohlgIbQKMZivbWkEo,0.619,0.881,154487,0.592,0.0000132,2,0.0901,1,0.0324,101.058,0.719
6VhuP99TE6gYNQRJIlAWFD,0.757,0.346,176667,0.5,0,10,0.189,1,0.0388,202.466,0.191
6I3mqTwhRpn34SLVafSH7G,0.185,0.601,153190,0.741,0.0000291,2,0.415,1,0.0478,153.96,0.441
3W4U7TEgILGpq0EmquurtH,0.716,0.478,249382,0.367,0,11,0.124,1,0.0283,141.95,0.359
2m6Ko3CY1qXNNja8AlugNc,0.0145,0.559,220780,0.559,0,11,0.138,1,0.0358,72.498,0.338
2gYj9lubBorOPIVWsTXugG,0.103,0.68,176973,0.922,0,0,0.0877,1,0.121,125.014,0.799
2DwUdMJ5uxv20EhAildreg,0.0596,0.847,235562,0.638,0,0,0.0894,1,0.0575,156.935,0.661
63YH4W1jfTXbuS9LNSCTXB,0.104,0.794,163823,0.813,0.00273,1,0.239,0,0.0619,120.989,0.809
41XLcwECxYj7tokaF2a7sA,0.0347,0.554,162295,0.8,0.0986,11,0.121,0,0.0585,121.932,0.27
4g22x3fIQVUlY39ICUBB7Z,0.00892,0.911,203155,0.758,0,2,0.126,0,0.251,144.024,0.761
1k2SmfxevBCq4Gti0LhDfT,0.0023,0.259,181121,0.738,0.00000151,5,0.371,0,0.0629,82.913,0.295
2ksyzVfU0WJoBpu8otr4pz,0.426,0.593,142839,0.641,0.901,7,0.122,0,0.0992,175.014,0.147
1Oiw6x4fhsCEuh4CMaa8kc,0.359,0.758,163306,0.743,0.0685,10,0.105,1,0.0724,124.024,0.643
6qyS9qBy0mEk3qYaH8mPss,0.00547,0.712,145000,0.972,0.0000706,10,0.128,1,0.112,119.966,0.568
6yWAlfKGH5AMHlxT4ZtCVg,0.111,0.596,180960,0.795,0,2,0.147,0,0.048,125.046,0.37
7IK25tcCFFqkU08EbTRxsc,0.00793,0.546,216973,0.891,0.00000103,8,0.116,0,0.0336,157.076,0.623
3Oww84xrmgjyr5J1ilOmAf,0.0116,0.308,158774,0.86,0.000828,11,0.277,0,0.168,171.835,0.0387
2KReCz1L5XkGIBhDncQ5VZ,0.000982,0.622,164682,0.715,0,6,0.0796,0,0.0323,131.012,0.607
6YS0bPEionrniTERIcCXP7,0.000255,0.562,180513,0.823,0.0000264,5,0.762,0,0.0362,130.092,0.502
5FkJHVudUByVjanCqFXRql,0.0677,0.578,257147,0.6,0.417,8,0.0778,1,0.0322,140.021,0.0392
5TXDeTFVRVY7Cvt0Dw4vWW,0.782,0.746,120027,0.251,0.00203,11,0.106,0,0.259,139.999,0.18
6Ox1rvlwEpB49drasQm6RF,0.0946,0.538,142000,0.471,0.0185,4,0.116,0,0.0955,93.07,0.307
3ovhC4v5a73S0afcOHhnu2,0.9,0.729,108902,0.15,0.00000874,11,0.102,1,0.0361,120.043,0.397
1l2AHO7bb47QGFKJmXhXMz,0.912,0.698,152416,0.118,0,5,0.116,1,0.0298,93.086,0.552
0Xh9sOCT7ZvmKg8KthRYnH,0.928,0.617,133050,0.11,0,4,0.11,0,0.0343,127.658,0.385
5myQVDBhZvE7DIvsQICuKn,0.911,0.697,99614,0.0953,0,9,0.109,0,0.0314,79.866,0.64
5faV3B9PfIOabLD8PPUAxo,0.00488,0.418,199120,0.727,0.00292,4,0.144,1,0.0542,180.095,0.137
1MWg9aH6OhteqF1RXR3J5w,0.921,0.715,150883,0.091,0,9,0.101,1,0.0375,119.95,0.542
0RT86wBrufYQZSdN852Wjn,0.89,0.742,197137,0.0915,0,2,0.0926,1,0.0438,146.165,0.813
5pn6OskYybJrrqcdlNpBvk,0.926,0.777,175404,0.1,0,2,0.0947,0,0.0377,99.979,0.641
7nzeIh8kUdieUBLPXch9wi,0.954,0.797,132447,0.175,0,9,0.115,1,0.0325,99.902,0.635
1ZzSy8HeLFZAeuQi577bhB,0.918,0.627,191332,0.123,0.0000114,0,0.0997,1,0.0298,73.551,0.351
2q2cdTPrbgWSxLFFXjjaoO,0.952,0.602,123577,0.0242,0,0,0.105,1,0.0426,96.834,0.29
1sgn8wmK2kuJrF9ppsnH2F,0.937,0.504,125852,0.118,0,9,0.0619,1,0.0392,113.507,0.6
51J0zLsmKb265vmylOJGMr,0.935,0.684,193283,0.117,0,2,0.0762,0,0.0349,125.928,0.671
5TBNZCGMR1NJtJrrg606m0,0.926,0.716,182091,0.124,0,0,0.103,1,0.0394,120.015,0.496
6Vd8hxisvvbtZloYVH5kAo,0.503,0.734,169653,0.397,0,0,0.106,1,0.0436,107.063,0.366
3LP5YM7IMwmffWXPE1VBf1,0.92,0.747,99753,0.149,0,0,0.105,1,0.0324,85.049,0.606
6xsUlQIjfduRdQt88yekZ5,0.828,0.581,135326,0.19,0.0000257,7,0.151,1,0.031,78.347,0.298
38KOnmdRLQrizMIFHIwuOA,0.908,0.634,199855,0.195,0.0000277,7,0.0959,1,0.0324,145.868,0.296
7MY4Gg2ORLB8UjpDWgQmj4,0.00434,0.408,180000,0.679,0.00000413,8,0.235,1,0.0475,159.706,0.307
2Hh3ETdQKrmSI3QS0hme7g,0.189,0.684,199920,0.671,0.0000237,7,0.122,0,0.0464,88.048,0.156
0B7wvvmu9EISAwZnOpjhNI,0.937,0.601,213827,0.271,0,0,0.144,1,0.0403,145.494,0.411
4WuOWVnAqvEQxgSRrspBgt,0.189,0.671,207307,0.658,0.0000866,2,0.147,1,0.309,87.933,0.257
21qZMim0NXV3k5SaLxLWeX,0.179,0.747,153273,0.812,0,0,0.283,0,0.0623,110.007,0.766
6daToaVPOx55J5gGLgy7B0,0.475,0.805,174340,0.601,0.0000952,6,0.139,0,0.036,106.022,0.389
6RmV54gl0nByycqhTajiiZ,0.206,0.891,172000,0.765,0.000491,8,0.0936,0,0.0391,119.991,0.736
149qQkZez6yujONJspKw7U,0.256,0.755,156000,0.616,0.000064,9,0.251,0,0.0257,100.014,0.509
4SA3hKVvIbnDWjwH1Hnp1C,0.532,0.774,150152,0.444,0.0999,6,0.109,0,0.0591,142.532,0.709
39kSk40grKRucDyfLx4Cjf,0.0427,0.805,156191,0.629,0.0000874,11,0.0996,1,0.13,106.021,0.467
5QiBpME5iV2DdLHggosCta,0.0402,0.488,156094,0.9,0,0,0.336,1,0.0338,159.989,0.374
12X9GMNhoP6tSj5ai0Kujw,0.00354,0.598,195759,0.886,0,8,0.0778,0,0.0538,155.997,0.783
2JtsIAfAu4PFyjlk17Hg3M,0.0682,0.831,194754,0.786,0.00000185,8,0.344,1,0.0397,121.964,0.961
2psbE7Ds01Xz2MaMIk7APk,0.0415,0.792,162080,0.942,0.000178,1,0.0983,1,0.0404,140.024,0.862
4QHRKu6scoEilEvLnHYOnz,0.0414,0.65,146588,0.798,0,8,0.181,0,0.0427,114.932,0.573
6KOhOLjSsbv3bggefGCLLm,0.0000897,0.489,179049,0.732,0.000219,8,0.277,0,0.0288,100.089,0.478
21QCQXnmSTApn8Tu9a2HO5,0.478,0.663,184421,0.422,0.000028,0,0.127,1,0.0285,95.05,0.158
7DbdUf8aHSYoliSjO6LZv6,0.013,0.572,196784,0.839,0.00976,4,0.522,0,0.0377,143.969,0.465
4PGzoH4hL1vORGOTxHdWjB,0.0112,0.863,119476,0.621,0.000244,4,0.173,0,0.167,114.977,0.314
0R848ny5sEpVuR1tMXZNFr,0.321,0.831,129836,0.495,0,9,0.108,0,0.418,121.964,0.386
1cKHdTo9u0ZymJdPGSh6nq,0.142,0.323,241067,0.737,0.000162,10,0.163,1,0.0338,113.26,0.155
6TBzRwnX2oYd8aOrOuyK1p,0.0628,0.699,224921,0.541,0,0,0.0916,1,0.0826,98.395,0.365
6Um358vY92UBv5DloTRX9L,0.187,0.491,169419,0.643,0,10,0.109,1,0.0442,162.469,0.779
4H6o1bxKRGzmsE0vzo968m,0.56,0.732,152923,0.573,0.00000934,11,0.0543,1,0.0237,97.502,0.882
0UbesRsX2TtiCeamOIVEkp,0.329,0.628,136913,0.668,0,8,0.139,1,0.117,148.746,0.845
46FdwGMcgz6gik4RCpWBAW,0.208,0.645,148793,0.712,0,1,0.3,1,0.188,136.724,0.805
4ygQ5wSuzzNRevVjup1qV2,0.144,0.724,175296,0.684,0.0035,11,0.302,1,0.0705,144.117,0.729
2VzCjpKvPB1l1tqLndtAQa,0.31,0.807,239845,0.595,0.0000244,0,0.0735,1,0.0325,92.491,0.392
23Lyy7ZXRvzfgH4JtDkKrX,0.121,0.594,194019,0.527,0,0,0.234,1,0.0335,172.712,0.692
4w273WCBXwM4P3jTX5HkB2,0.283,0.794,160897,0.594,0.000381,7,0.109,0,0.139,99.238,0.637
1Fuc3pBiPFxAeSJoO8tDh5,0.366,0.702,162795,0.483,0.000131,3,0.124,0,0.0524,138.842,0.769
1ULnQ2yn5LeQX4LrROm1RD,0.226,0.765,225306,0.683,0,5,0.108,0,0.0625,137.02,0.536
3XfUFGzbr0LmwFVoLXd9cO,0.533,0.751,163940,0.601,0,5,0.377,0,0.0828,100.994,0.56
5Eax0qFko2dh7Rl2lYs3bx,0.141,0.801,213061,0.475,0.0000173,7,0.0639,0,0.0516,98.047,0.234
3k3NWokhRRkEPhCzPmV8TW,0.08,0.647,258299,0.686,0.00000134,3,0.528,0,0.0413,79.928,0.268
31i56LZnwE6uSu3exoHjtB,0.0706,0.876,173119,0.498,0,10,0.143,1,0.0478,122.016,0.428
1RGlfmdvcfatN0ZLOmzanS,0.431,0.571,196500,0.567,0,8,0.129,1,0.0994,165.332,0.967
3gfSH9aYZbyGjdmbeoWliw,0.331,0.774,186828,0.748,0.0057,0,0.126,1,0.0352,135.929,0.714
4ilZV1WNjL7IxwE81OnaRY,0.16,0.895,153063,0.847,0.223,7,0.338,1,0.0519,101.006,0.735
5kpxVMDvYGRmNqawPqDTYR,0.55,0.702,158093,0.586,0,8,0.27,1,0.118,112.852,0.965
3ZGkdrigbWXLgHungXfZkt,0.0877,0.784,135612,0.737,0,5,0.1,1,0.0758,97.5,0.623
6odrHMSLjP3aOXC4ipKUC6,0.609,0.775,223993,0.465,0.0000323,7,0.114,0,0.365,169.781,0.707
33cF8aTmGJ6TsEf23uqGIN,0.213,0.836,197101,0.826,0.00000603,11,0.0814,0,0.0461,102.025,0.579
7Jph6HJbfURt4Fea19IED3,0.446,0.794,170496,0.677,0.0313,10,0.076,1,0.0713,101.467,0.611
0uBcoM4zxRXk7kmsmxoiFS,0.609,0.731,170053,0.491,0,0,0.262,1,0.029,132.891,0.781
1kNC7b4zXbqoceKpkGdnD8,0.361,0.851,196437,0.542,0.00000373,10,0.132,1,0.122,101.896,0.789
3bvJftZKZe5QKz433NczyV,0.456,0.746,167692,0.37,0,2,0.106,1,0.0306,97.568,0.595
6rOy9SIawgruuIWLP5divC,0.468,0.722,173587,0.76,0.00066,4,0.0814,0,0.0501,113.872,0.793
40vzZFWG1h60TdZPuxuX3Y,0.355,0.781,197477,0.662,0,0,0.161,1,0.0336,91.999,0.686
5Ei8EK2uXNkqqVSe2QYsFp,0.237,0.667,151387,0.467,0,7,0.271,1,0.0276,97.99,0.406
1SxNFVI9TFJzQsxdzJ2oVd,0.744,0.905,139863,0.421,0.0000377,0,0.0763,1,0.0387,103.992,0.955
